pokedex_number,name,combat_point,hp,ataque,defesa,stamina,type1,type2,against_bug,against_dark,against_dragon,against_electric,against_fairy,against_fighting,against_fire,against_flying,against_ghost,against_grass,against_ground,against_ice,against_normal,against_poison,against_psychic,against_rock,against_steel,against_water
1,Bulbasaur,1115,111,118,111,128,grass,poison,1,1,1,0.5,0.5,0.5,2,2,1,0.25,1,2,1,1,2,1,1,0.5
2,Ivysaur,1699,132,151,143,155,grass,poison,1,1,1,0.5,0.5,0.5,2,2,1,0.25,1,2,1,1,2,1,1,0.5
3,Venusaur,2720,160,198,189,190,grass,poison,1,1,1,0.5,0.5,0.5,2,2,1,0.25,1,2,1,1,2,1,1,0.5
4,Charmander,980,103,116,93,118,fire,NA,0.5,1,1,1,0.5,1,0.5,1,1,0.5,2,0.5,1,1,1,2,0.5,2
5,Charmeleon,1653,129,158,126,151,fire,NA,0.5,1,1,1,0.5,1,0.5,1,1,0.5,2,0.5,1,1,1,2,0.5,2
6,Charizard,2889,157,223,173,186,fire,flying,0.25,1,1,2,0.5,0.5,0.5,1,1,0.25,0,1,1,1,1,4,0.5,2
7,Squirtle,946,111,94,121,127,water,NA,1,1,1,2,1,1,0.5,1,1,2,1,0.5,1,1,1,1,0.5,0.5
8,Wartortle,1488,131,126,155,153,water,NA,1,1,1,2,1,1,0.5,1,1,2,1,0.5,1,1,1,1,0.5,0.5
9,Blastoise,2466,158,171,207,188,water,NA,1,1,1,2,1,1,0.5,1,1,2,1,0.5,1,1,1,1,0.5,0.5
10,Caterpie,437,111,55,55,128,bug,NA,1,1,1,1,1,0.5,2,2,1,0.5,0.5,1,1,1,1,2,1,1
11,Metapod,450,118,45,80,137,bug,NA,1,1,1,1,1,0.5,2,2,1,0.5,0.5,1,1,1,1,2,1,1
12,Butterfree,1827,132,167,137,155,bug,flying,0.5,1,1,2,1,0.25,2,2,1,0.25,0,2,1,1,1,4,1,1
13,Weedle,456,105,63,50,120,bug,poison,0.5,1,1,1,0.5,0.25,2,2,1,0.25,1,1,1,0.5,2,2,1,1
14,Kakuna,432,111,46,75,128,bug,poison,0.5,1,1,1,0.5,0.25,2,2,1,0.25,1,1,1,0.5,2,2,1,1
15,Beedrill,1846,139,169,130,163,bug,poison,0.5,1,1,1,0.5,0.25,2,2,1,0.25,1,1,1,0.5,2,2,1,1
16,Pidgey,680,105,85,73,120,normal,flying,0.5,1,1,2,1,1,1,1,0,0.5,0,2,1,1,1,2,1,1
17,Pidgeotto,1194,136,117,105,160,normal,flying,0.5,1,1,2,1,1,1,1,0,0.5,0,2,1,1,1,2,1,1
18,Pidgeot,2129,164,166,154,195,normal,flying,0.5,1,1,2,1,1,1,1,0,0.5,0,2,1,1,1,2,1,1
19,Rattata,734,91,103,70,102,normal,dark,1,1,1,1,1,2,1,1,0,1,1,1,1,1,1,1,1,1
20,Raticate,1730,125,161,139,146,normal,dark,1,1,1,1,1,2,1,1,0,1,1,1,1,1,1,1,1,1
21,Spearow,798,105,112,60,120,normal,flying,0.5,1,1,2,1,1,1,1,0,0.5,0,2,1,1,1,2,1,1
22,Fearow,1997,139,182,133,163,normal,flying,0.5,1,1,2,1,1,1,1,0,0.5,0,2,1,1,1,2,1,1
23,Ekans,927,98,110,97,111,poison,NA,0.5,1,1,1,0.5,0.5,1,1,1,0.5,2,1,1,0.5,2,1,1,1
24,Arbok,1921,132,167,153,155,poison,NA,0.5,1,1,1,0.5,0.5,1,1,1,0.5,2,1,1,0.5,2,1,1,1
25,Pikachu,938,98,112,96,111,electric,NA,1,1,1,0.5,1,1,1,0.5,1,1,2,1,1,1,1,1,0.5,1
26,Raichu,2182,132,193,151,155,electric,electric,1,1,1,0.5,1,1,1,0.5,1,1,2,1,1,1,1,1,0.5,1
27,Sandshrew,1261,118,126,120,137,ground,ice,1,1,1,0,1,1,1,1,1,2,1,2,1,0.5,1,0.5,1,2
28,Sandslash,2374,153,182,175,181,ground,ice,1,1,1,0,1,1,1,1,1,2,1,2,1,0.5,1,0.5,1,2
29,Nidoran♀,816,125,86,89,146,poison,NA,0.5,1,1,1,0.5,0.5,1,1,1,0.5,2,1,1,0.5,2,1,1,1
30,Nidorina,1309,146,117,120,172,poison,NA,0.5,1,1,1,0.5,0.5,1,1,1,0.5,2,1,1,0.5,2,1,1,1
31,Nidoqueen,2488,173,180,173,207,poison,ground,0.5,1,1,0,0.5,0.5,1,1,1,1,2,2,1,0.25,2,0.5,1,2
32,Nidoran♂,860,113,105,76,130,poison,NA,0.5,1,1,1,0.5,0.5,1,1,1,0.5,2,1,1,0.5,2,1,1,1
33,Nidorino,1393,133,137,111,156,poison,NA,0.5,1,1,1,0.5,0.5,1,1,1,0.5,2,1,1,0.5,2,1,1,1
34,Nidoking,2567,161,204,156,191,poison,ground,0.5,1,1,0,0.5,0.5,1,1,1,1,2,2,1,0.25,2,0.5,1,2
35,Clefairy,1155,146,107,108,172,fairy,NA,0.5,0.5,0,1,1,0.5,1,1,1,1,1,1,1,2,1,1,2,1
36,Clefable,2437,180,178,162,216,fairy,NA,0.5,0.5,0,1,1,0.5,1,1,1,1,1,1,1,2,1,1,2,1
37,Vulpix,883,102,96,109,116,fire,ice,0.5,1,1,1,0.5,1,0.5,1,1,0.5,2,0.5,1,1,1,2,0.5,2
38,Ninetales,2279,150,169,190,177,fire,ice,0.5,1,1,1,0.5,1,0.5,1,1,0.5,2,0.5,1,1,1,2,0.5,2
39,Jigglypuff,724,207,80,41,251,normal,fairy,0.5,0.5,0,1,1,1,1,1,0,1,1,1,1,2,1,1,2,1
40,Wigglytuff,1926,242,156,90,295,normal,fairy,0.5,0.5,0,1,1,1,1,1,0,1,1,1,1,2,1,1,2,1
41,Zubat,667,105,83,73,120,poison,flying,0.25,1,1,2,0.5,0.25,1,1,1,0.25,0,2,1,0.5,2,2,1,1
42,Golbat,1976,153,161,150,181,poison,flying,0.25,1,1,2,0.5,0.25,1,1,1,0.25,0,2,1,0.5,2,2,1,1
43,Oddish,1228,111,131,112,128,grass,poison,1,1,1,0.5,0.5,0.5,2,2,1,0.25,1,2,1,1,2,1,1,0.5
44,Gloom,1681,132,153,136,155,grass,poison,1,1,1,0.5,0.5,0.5,2,2,1,0.25,1,2,1,1,2,1,1,0.5
45,Vileplume,2559,153,202,167,181,grass,poison,1,1,1,0.5,0.5,0.5,2,2,1,0.25,1,2,1,1,2,1,1,0.5
46,Paras,1018,98,121,99,111,bug,grass,2,1,1,0.5,1,0.5,4,4,1,0.25,0.25,2,1,2,1,2,1,0.5
47,Parasect,1859,132,165,146,155,bug,grass,2,1,1,0.5,1,0.5,4,4,1,0.25,0.25,2,1,2,1,2,1,0.5
48,Venonat,1004,132,100,100,155,bug,poison,0.5,1,1,1,0.5,0.25,2,2,1,0.25,1,1,1,0.5,2,2,1,1
49,Venomoth,2082,146,179,143,172,bug,poison,0.5,1,1,1,0.5,0.25,2,2,1,0.25,1,1,1,0.5,2,2,1,1
50,Diglett,676,64,109,78,67,ground,ground,1,1,1,0,1,1,1,1,1,2,1,2,1,0.5,1,0.5,1,2
51,Dugtrio,1557,98,167,134,111,ground,ground,1,1,1,0,1,1,1,1,1,2,1,2,1,0.5,1,0.5,1,2
52,Meowth,748,105,92,78,120,normal,dark,1,1,1,1,1,2,1,1,0,1,1,1,1,1,1,1,1,1
53,Persian,1689,139,150,136,163,normal,dark,1,1,1,1,1,2,1,1,0,1,1,1,1,1,1,1,1,1
54,Psyduck,1106,118,122,95,137,water,NA,1,1,1,2,1,1,0.5,1,1,2,1,0.5,1,1,1,1,0.5,0.5
55,Golduck,2450,160,191,162,190,water,NA,1,1,1,2,1,1,0.5,1,1,2,1,0.5,1,1,1,1,0.5,0.5
56,Mankey,1164,105,148,82,120,fighting,NA,0.5,0.5,1,1,2,1,1,2,1,1,1,1,1,1,2,0.5,1,1
57,Primeape,2288,139,207,138,163,fighting,NA,0.5,0.5,1,1,2,1,1,2,1,1,1,1,1,1,2,0.5,1,1
58,Growlithe,1243,125,136,93,146,fire,NA,0.5,1,1,1,0.5,1,0.5,1,1,0.5,2,0.5,1,1,1,2,0.5,2
59,Arcanine,3029,173,227,166,207,fire,NA,0.5,1,1,1,0.5,1,0.5,1,1,0.5,2,0.5,1,1,1,2,0.5,2
60,Poliwag,829,105,101,82,120,water,NA,1,1,1,2,1,1,0.5,1,1,2,1,0.5,1,1,1,1,0.5,0.5
61,Poliwhirl,1419,139,130,123,163,water,NA,1,1,1,2,1,1,0.5,1,1,2,1,0.5,1,1,1,1,0.5,0.5
62,Poliwrath,2586,173,182,184,207,water,fighting,0.5,0.5,1,2,2,1,0.5,2,1,2,1,0.5,1,1,2,0.5,0.5,0.5
63,Abra,1342,84,195,82,93,psychic,NA,2,2,1,1,1,0.5,1,1,2,1,1,1,1,1,0.5,1,1,1
64,Kadabra,2059,105,232,117,120,psychic,NA,2,2,1,1,1,0.5,1,1,2,1,1,1,1,1,0.5,1,1,1
65,Alakazam,3057,125,271,167,146,psychic,NA,2,2,1,1,1,0.5,1,1,2,1,1,1,1,1,0.5,1,1,1
66,Machop,1278,146,137,82,172,fighting,NA,0.5,0.5,1,1,2,1,1,2,1,1,1,1,1,1,2,0.5,1,1
67,Machoke,2031,160,177,125,190,fighting,NA,0.5,0.5,1,1,2,1,1,2,1,1,1,1,1,1,2,0.5,1,1
68,Machamp,3056,173,234,159,207,fighting,NA,0.5,0.5,1,1,2,1,1,2,1,1,1,1,1,1,2,0.5,1,1
69,Bellsprout,1033,118,139,61,137,grass,poison,1,1,1,0.5,0.5,0.5,2,2,1,0.25,1,2,1,1,2,1,1,0.5
70,Weepinbell,1611,139,172,92,163,grass,poison,1,1,1,0.5,0.5,0.5,2,2,1,0.25,1,2,1,1,2,1,1,0.5
71,Victreebel,2431,160,207,135,190,grass,poison,1,1,1,0.5,0.5,0.5,2,2,1,0.25,1,2,1,1,2,1,1,0.5
72,Tentacool,1040,105,97,149,120,water,poison,0.5,1,1,2,0.5,0.5,0.5,1,1,1,2,0.5,1,0.5,2,1,0.5,0.5
73,Tentacruel,2422,160,166,209,190,water,poison,0.5,1,1,2,0.5,0.5,0.5,1,1,1,2,0.5,1,0.5,2,1,0.5,0.5
74,Geodude,1293,105,132,132,120,rock,ground,1,1,1,0,1,2,0.5,0.5,1,4,2,2,0.5,0.25,1,0.5,2,4
75,Graveler,1897,125,164,164,146,rock,ground,1,1,1,0,1,2,0.5,0.5,1,4,2,2,0.5,0.25,1,0.5,2,4
76,Golem,2949,160,211,198,190,rock,ground,1,1,1,0,1,2,0.5,0.5,1,4,2,2,0.5,0.25,1,0.5,2,4
77,Ponyta,1697,118,170,127,137,fire,NA,0.5,1,1,1,0.5,1,0.5,1,1,0.5,2,0.5,1,1,1,2,0.5,2
78,Rapidash,2461,139,207,162,163,fire,NA,0.5,1,1,1,0.5,1,0.5,1,1,0.5,2,0.5,1,1,1,2,0.5,2
79,Slowpoke,1226,173,109,98,207,water,psychic,2,2,1,2,1,0.5,0.5,1,2,2,1,0.5,1,1,0.5,1,0.5,0.5
80,Slowbro,2545,180,177,180,216,water,psychic,2,2,1,2,1,0.5,0.5,1,2,2,1,0.5,1,1,0.5,1,0.5,0.5
81,Magnemite,1362,84,165,121,93,electric,steel,0.5,1,0.5,0.5,0.5,2,2,0.25,1,0.5,4,0.5,0.5,0,0.5,0.5,0.25,1
82,Magneton,2485,118,223,169,137,electric,steel,0.5,1,0.5,0.5,0.5,2,2,0.25,1,0.5,4,0.5,0.5,0,0.5,0.5,0.25,1
83,Farfetch'd,1236,121,124,115,141,normal,flying,0.5,1,1,2,1,1,1,1,0,0.5,0,2,1,1,1,2,1,1
84,Doduo,1200,98,158,83,111,normal,flying,0.5,1,1,2,1,1,1,1,0,0.5,0,2,1,1,1,2,1,1
85,Dodrio,2362,132,218,140,155,normal,flying,0.5,1,1,2,1,1,1,1,0,0.5,0,2,1,1,1,2,1,1
86,Seel,971,139,85,121,163,water,NA,1,1,1,2,1,1,0.5,1,1,2,1,0.5,1,1,1,1,0.5,0.5
87,Dewgong,1985,173,139,177,207,water,ice,1,1,1,2,1,2,1,1,1,2,1,0.25,1,1,1,2,1,0.5
88,Grimer,1374,160,135,90,190,poison,poison,0.5,1,1,1,0.5,0.5,1,1,1,0.5,2,1,1,0.5,2,1,1,1
89,Muk,2757,193,190,172,233,poison,poison,0.5,1,1,1,0.5,0.5,1,1,1,0.5,2,1,1,0.5,2,1,1,1
90,Shellder,1080,91,116,134,102,water,NA,1,1,1,2,1,1,0.5,1,1,2,1,0.5,1,1,1,1,0.5,0.5
91,Cloyster,2547,118,186,256,137,water,ice,1,1,1,2,1,2,1,1,1,2,1,0.25,1,1,1,2,1,0.5
92,Gastly,1229,91,186,67,102,ghost,poison,0.25,2,1,1,0.5,0,1,1,2,0.5,2,1,0,0.25,2,1,1,1
93,Haunter,1963,111,223,107,128,ghost,poison,0.25,2,1,1,0.5,0,1,1,2,0.5,2,1,0,0.25,2,1,1,1
94,Gengar,2878,132,261,149,155,ghost,poison,0.25,2,1,1,0.5,0,1,1,2,0.5,2,1,0,0.25,2,1,1,1
95,Onix,1101,98,85,232,111,rock,ground,1,1,1,0,1,2,0.5,0.5,1,4,2,2,0.5,0.25,1,0.5,2,4
96,Drowzee,1040,132,89,136,155,psychic,NA,2,2,1,1,1,0.5,1,1,2,1,1,1,1,1,0.5,1,1,1
97,Hypno,2090,166,144,193,198,psychic,NA,2,2,1,1,1,0.5,1,1,2,1,1,1,1,1,0.5,1,1,1
98,Krabby,1561,91,181,124,102,water,NA,1,1,1,2,1,1,0.5,1,1,2,1,0.5,1,1,1,1,0.5,0.5
99,Kingler,2829,125,240,181,146,water,NA,1,1,1,2,1,1,0.5,1,1,2,1,0.5,1,1,1,1,0.5,0.5
100,Voltorb,1010,105,109,111,120,electric,NA,1,1,1,0.5,1,1,1,0.5,1,1,2,1,1,1,1,1,0.5,1
101,Electrode,2099,132,173,173,155,electric,NA,1,1,1,0.5,1,1,1,0.5,1,1,2,1,1,1,1,1,0.5,1
102,Exeggcute,1175,132,107,125,155,grass,psychic,4,2,1,0.5,1,0.5,2,2,2,0.5,0.5,2,1,2,0.5,1,1,0.5
103,Exeggutor,3014,180,233,149,216,grass,psychic,4,2,1,0.5,1,0.5,2,2,2,0.5,0.5,2,1,2,0.5,1,1,0.5
104,Cubone,1019,118,90,144,137,ground,NA,1,1,1,0,1,1,1,1,1,2,1,2,1,0.5,1,0.5,1,2
105,Marowak,1835,132,144,186,155,ground,fire,1,1,1,0,1,1,1,1,1,2,1,2,1,0.5,1,0.5,1,2
106,Hitmonlee,2576,118,224,181,137,fighting,NA,0.5,0.5,1,1,2,1,1,2,1,1,1,1,1,1,2,0.5,1,1
107,Hitmonchan,2332,118,193,197,137,fighting,NA,0.5,0.5,1,1,2,1,1,2,1,1,1,1,1,1,2,0.5,1,1
108,Lickitung,1411,173,108,137,207,normal,NA,1,1,1,1,1,2,1,1,0,1,1,1,1,1,1,1,1,1
109,Koffing,1214,105,119,141,120,poison,NA,0.5,1,1,1,0.5,0.5,1,1,1,0.5,2,1,1,0.5,2,1,1,1
110,Weezing,2293,139,174,197,163,poison,NA,0.5,1,1,1,0.5,0.5,1,1,1,0.5,2,1,1,0.5,2,1,1,1
111,Rhyhorn,1651,160,140,127,190,ground,rock,1,1,1,0,1,2,0.5,0.5,1,4,2,2,0.5,0.25,1,0.5,2,4
112,Rhydon,3179,193,222,171,233,ground,rock,1,1,1,0,1,2,0.5,0.5,1,4,2,2,0.5,0.25,1,0.5,2,4
113,Chansey,1255,392,60,128,487,normal,NA,1,1,1,1,1,2,1,1,0,1,1,1,1,1,1,1,1,1
114,Tangela,2238,139,183,169,163,grass,NA,2,1,1,0.5,1,1,2,2,1,0.5,0.5,2,1,2,1,1,1,0.5
115,Kangaskhan,2586,193,181,165,233,normal,NA,1,1,1,1,1,2,1,1,0,1,1,1,1,1,1,1,1,1
116,Horsea,1056,91,129,103,102,water,NA,1,1,1,2,1,1,0.5,1,1,2,1,0.5,1,1,1,1,0.5,0.5
117,Seadra,2093,125,187,156,146,water,NA,1,1,1,2,1,1,0.5,1,1,2,1,0.5,1,1,1,1,0.5,0.5
118,Goldeen,1152,111,123,110,128,water,NA,1,1,1,2,1,1,0.5,1,1,2,1,0.5,1,1,1,1,0.5,0.5
119,Seaking,2162,160,175,147,190,water,NA,1,1,1,2,1,1,0.5,1,1,2,1,0.5,1,1,1,1,0.5,0.5
120,Staryu,1157,91,137,112,102,water,NA,1,1,1,2,1,1,0.5,1,1,2,1,0.5,1,1,1,1,0.5,0.5
121,Starmie,2584,132,210,184,155,water,psychic,2,2,1,2,1,0.5,0.5,1,2,2,1,0.5,1,1,0.5,1,0.5,0.5
122,Mr. Mime,2228,105,192,205,120,psychic,fairy,1,1,0,1,1,0.25,1,1,2,1,1,1,1,2,0.5,1,2,1
123,Scyther,2706,146,218,170,172,bug,flying,0.5,1,1,2,1,0.25,2,2,1,0.25,0,2,1,1,1,4,1,1
124,Jynx,2555,139,223,151,163,ice,psychic,2,2,1,1,1,1,2,1,2,1,1,0.5,1,1,0.5,2,2,1
125,Electabuzz,2334,139,198,158,163,electric,NA,1,1,1,0.5,1,1,1,0.5,1,1,2,1,1,1,1,1,0.5,1
126,Magmar,2394,139,206,154,163,fire,NA,0.5,1,1,1,0.5,1,0.5,1,1,0.5,2,0.5,1,1,1,2,0.5,2
127,Pinsir,2959,139,238,182,163,bug,NA,1,1,1,1,1,0.5,2,2,1,0.5,0.5,1,1,1,1,2,1,1
128,Tauros,2620,153,198,183,181,normal,NA,1,1,1,1,1,2,1,1,0,1,1,1,1,1,1,1,1,1
129,Magikarp,274,78,29,85,85,water,NA,1,1,1,2,1,1,0.5,1,1,2,1,0.5,1,1,1,1,0.5,0.5
130,Gyarados,3391,180,237,186,216,water,flying,0.5,1,1,4,1,0.5,0.5,1,1,1,0,1,1,1,1,2,0.5,0.5
131,Lapras,2641,228,165,174,277,water,ice,1,1,1,2,1,2,1,1,1,2,1,0.25,1,1,1,2,1,0.5
132,Ditto,832,116,91,91,134,normal,NA,1,1,1,1,1,2,1,1,0,1,1,1,1,1,1,1,1,1
133,Eevee,1071,125,104,114,146,normal,NA,1,1,1,1,1,2,1,1,0,1,1,1,1,1,1,1,1,1
134,Vaporeon,3114,228,205,161,277,water,NA,1,1,1,2,1,1,0.5,1,1,2,1,0.5,1,1,1,1,0.5,0.5
135,Jolteon,2888,139,232,182,163,electric,NA,1,1,1,0.5,1,1,1,0.5,1,1,2,1,1,1,1,1,0.5,1
136,Flareon,3029,139,246,179,163,fire,NA,0.5,1,1,1,0.5,1,0.5,1,1,0.5,2,0.5,1,1,1,2,0.5,2
137,Porygon,1720,139,153,136,163,normal,NA,1,1,1,1,1,2,1,1,0,1,1,1,1,1,1,1,1,1
138,Omanyte,1544,98,155,153,111,rock,water,1,1,1,2,1,2,0.25,0.5,1,4,2,0.5,0.5,0.5,1,1,1,1
139,Omastar,2786,146,207,201,172,rock,water,1,1,1,2,1,2,0.25,0.5,1,4,2,0.5,0.5,0.5,1,1,1,1
140,Kabuto,1370,91,148,140,102,rock,water,1,1,1,2,1,2,0.25,0.5,1,4,2,0.5,0.5,0.5,1,1,1,1
141,Kabutops,2713,132,220,186,155,rock,water,1,1,1,2,1,2,0.25,0.5,1,4,2,0.5,0.5,0.5,1,1,1,1
142,Aerodactyl,2783,160,221,159,190,rock,flying,0.5,1,1,2,1,1,0.5,0.5,1,1,0,2,0.5,0.5,1,2,2,2
143,Snorlax,3225,269,190,169,330,normal,NA,1,1,1,1,1,2,1,1,0,1,1,1,1,1,1,1,1,1
144,Articuno,3051,173,192,236,207,ice,flying,0.5,1,1,2,1,1,2,1,1,0.5,0,1,1,1,1,4,2,1
145,Zapdos,3527,173,253,185,207,electric,flying,0.5,1,1,1,1,0.5,1,0.5,1,0.5,0,2,1,1,1,2,0.5,1
146,Moltres,3465,173,251,181,207,fire,flying,0.25,1,1,2,0.5,0.5,0.5,1,1,0.25,0,1,1,1,1,4,0.5,2
147,Dratini,1004,106,119,91,121,dragon,NA,1,1,2,0.5,2,1,0.5,1,1,0.5,1,2,1,1,1,1,1,0.5
148,Dragonair,1780,133,163,135,156,dragon,NA,1,1,2,0.5,2,1,0.5,1,1,0.5,1,2,1,1,1,1,1,0.5
149,Dragonite,3792,175,263,198,209,dragon,flying,0.5,1,2,1,2,0.5,0.5,1,1,0.25,0,4,1,1,1,2,1,0.5
150,Mewtwo,4178,179,300,182,214,psychic,NA,2,2,1,1,1,0.5,1,1,2,1,1,1,1,1,0.5,1,1,1
151,Mew,3265,187,210,210,225,psychic,NA,2,2,1,1,1,0.5,1,1,2,1,1,1,1,1,0.5,1,1,1
152,Chikorita,935,111,92,122,128,grass,NA,2,1,1,0.5,1,1,2,2,1,0.5,0.5,2,1,2,1,1,1,0.5
153,Bayleef,1454,132,122,155,155,grass,NA,2,1,1,0.5,1,1,2,2,1,0.5,0.5,2,1,2,1,1,1,0.5
154,Meganium,2410,160,168,202,190,grass,NA,2,1,1,0.5,1,1,2,2,1,0.5,0.5,2,1,2,1,1,1,0.5
155,Cyndaquil,980,103,116,93,118,fire,NA,0.5,1,1,1,0.5,1,0.5,1,1,0.5,2,0.5,1,1,1,2,0.5,2
156,Quilava,1653,129,158,126,151,fire,NA,0.5,1,1,1,0.5,1,0.5,1,1,0.5,2,0.5,1,1,1,2,0.5,2
157,Typhlosion,2889,157,223,173,186,fire,NA,0.5,1,1,1,0.5,1,0.5,1,1,0.5,2,0.5,1,1,1,2,0.5,2
158,Totodile,1131,118,117,109,137,water,NA,1,1,1,2,1,1,0.5,1,1,2,1,0.5,1,1,1,1,0.5,0.5
159,Croconaw,1722,139,150,142,163,water,NA,1,1,1,2,1,1,0.5,1,1,2,1,0.5,1,1,1,1,0.5,0.5
160,Feraligatr,2857,166,205,188,198,water,NA,1,1,1,2,1,1,0.5,1,1,2,1,0.5,1,1,1,1,0.5,0.5
161,Sentret,618,98,79,73,111,normal,NA,1,1,1,1,1,2,1,1,0,1,1,1,1,1,1,1,1,1
162,Furret,1758,166,148,125,198,normal,NA,1,1,1,1,1,2,1,1,0,1,1,1,1,1,1,1,1,1
163,Hoothoot,677,132,67,88,155,normal,flying,0.5,1,1,2,1,1,1,1,0,0.5,0,2,1,1,1,2,1,1
164,Noctowl,2024,187,145,156,225,normal,flying,0.5,1,1,2,1,1,1,1,0,0.5,0,2,1,1,1,2,1,1
165,Ledyba,728,105,72,118,120,bug,flying,0.5,1,1,2,1,0.25,2,2,1,0.25,0,2,1,1,1,4,1,1
166,Ledian,1346,125,107,179,146,bug,flying,0.5,1,1,2,1,0.25,2,2,1,0.25,0,2,1,1,1,4,1,1
167,Spinarak,816,105,105,73,120,bug,poison,0.5,1,1,1,0.5,0.25,2,2,1,0.25,1,1,1,0.5,2,2,1,1
168,Ariados,1772,146,161,124,172,bug,poison,0.5,1,1,1,0.5,0.25,2,2,1,0.25,1,1,1,0.5,2,2,1,1
169,Crobat,2646,166,194,178,198,poison,flying,0.25,1,1,2,0.5,0.25,1,1,1,0.25,0,2,1,0.5,2,2,1,1
170,Chinchou,1119,153,106,97,181,water,electric,1,1,1,1,1,1,0.5,0.5,1,2,2,0.5,1,1,1,1,0.25,0.5
171,Lanturn,2085,221,146,137,268,water,electric,1,1,1,1,1,1,0.5,0.5,1,2,2,0.5,1,1,1,1,0.25,0.5
172,Pichu,473,78,77,53,85,electric,NA,1,1,1,0.5,1,1,1,0.5,1,1,2,1,1,1,1,1,0.5,1
173,Cleffa,671,118,75,79,137,fairy,NA,0.5,0.5,0,1,1,0.5,1,1,1,1,1,1,1,2,1,1,2,1
174,Igglybuff,535,173,69,32,207,normal,fairy,0.5,0.5,0,1,1,1,1,1,0,1,1,1,1,2,1,1,2,1
175,Togepi,657,98,67,116,111,fairy,NA,0.5,0.5,0,1,1,0.5,1,1,1,1,1,1,1,2,1,1,2,1
176,Togetic,1708,125,139,181,146,fairy,flying,0.25,0.5,0,2,1,0.25,1,1,1,0.5,0,2,1,2,1,2,2,1
177,Natu,1102,105,134,89,120,psychic,flying,1,2,1,2,1,0.25,1,1,2,0.5,0,2,1,1,0.5,2,1,1
178,Xatu,2188,139,192,146,163,psychic,flying,1,2,1,2,1,0.25,1,1,2,0.5,0,2,1,1,0.5,2,1,1
179,Mareep,991,125,114,79,146,electric,NA,1,1,1,0.5,1,1,1,0.5,1,1,2,1,1,1,1,1,0.5,1
180,Flaaffy,1521,146,145,109,172,electric,NA,1,1,1,0.5,1,1,1,0.5,1,1,2,1,1,1,1,1,0.5,1
181,Ampharos,2852,173,211,169,207,electric,NA,1,1,1,0.5,1,1,1,0.5,1,1,2,1,1,1,1,1,0.5,1
182,Bellossom,2281,153,169,186,181,grass,NA,2,1,1,0.5,1,1,2,2,1,0.5,0.5,2,1,2,1,1,1,0.5
183,Marill,461,146,37,93,172,water,fairy,0.5,0.5,0,2,1,0.5,0.5,1,1,2,1,0.5,1,2,1,1,1,0.5
184,Azumarill,1588,187,112,152,225,water,fairy,0.5,0.5,0,2,1,0.5,0.5,1,1,2,1,0.5,1,2,1,1,1,0.5
185,Sudowoodo,2148,146,167,176,172,rock,NA,1,1,1,1,1,2,0.5,0.5,1,2,2,1,0.5,0.5,1,1,2,2
186,Politoed,2449,173,174,179,207,water,NA,1,1,1,2,1,1,0.5,1,1,2,1,0.5,1,1,1,1,0.5,0.5
187,Hoppip,600,98,67,94,111,grass,flying,1,1,1,1,1,0.5,2,2,1,0.25,0,4,1,2,1,2,1,0.5
188,Skiploom,976,125,91,120,146,grass,flying,1,1,1,1,1,0.5,2,2,1,0.25,0,4,1,2,1,2,1,0.5
189,Jumpluff,1636,153,118,183,181,grass,flying,1,1,1,1,1,0.5,2,2,1,0.25,0,4,1,2,1,2,1,0.5
190,Aipom,1348,125,136,112,146,normal,NA,1,1,1,1,1,2,1,1,0,1,1,1,1,1,1,1,1,1
191,Sunkern,395,91,55,55,102,grass,NA,2,1,1,0.5,1,1,2,2,1,0.5,0.5,2,1,2,1,1,1,0.5
192,Sunflora,2141,153,185,135,181,grass,NA,2,1,1,0.5,1,1,2,2,1,0.5,0.5,2,1,2,1,1,1,0.5
193,Yanma,1470,139,154,94,163,bug,flying,0.5,1,1,2,1,0.25,2,2,1,0.25,0,2,1,1,1,4,1,1
194,Wooper,641,125,75,66,146,water,ground,1,1,1,0,1,1,0.5,1,1,4,1,1,1,0.5,1,0.5,0.5,1
195,Quagsire,1992,180,152,143,216,water,ground,1,1,1,0,1,1,0.5,1,1,4,1,1,1,0.5,1,0.5,0.5,1
196,Espeon,3170,139,261,175,163,psychic,NA,2,2,1,1,1,0.5,1,1,2,1,1,1,1,1,0.5,1,1,1
197,Umbreon,2137,180,126,240,216,dark,NA,2,0.5,1,1,2,2,1,1,0.5,1,1,1,1,1,0,1,1,1
198,Murkrow,1562,132,175,87,155,dark,flying,1,0.5,1,2,2,1,1,1,0.5,0.5,0,2,1,1,0,2,1,1
199,Slowking,2545,180,177,180,216,water,psychic,2,2,1,2,1,0.5,0.5,1,2,2,1,0.5,1,1,0.5,1,0.5,0.5
200,Misdreavus,1926,132,167,154,155,ghost,NA,0.5,2,1,1,1,0,1,1,2,1,1,1,0,0.5,1,1,1,1
201,Unown,1185,116,136,91,134,psychic,NA,2,2,1,1,1,0.5,1,1,2,1,1,1,1,1,0.5,1,1,1
202,Wobbuffet,1026,310,60,106,382,psychic,NA,2,2,1,1,1,0.5,1,1,2,1,1,1,1,1,0.5,1,1,1
203,Girafarig,2046,146,182,133,172,normal,psychic,2,2,1,1,1,1,1,1,0,1,1,1,1,1,0.5,1,1,1
204,Pineco,1108,118,108,122,137,bug,NA,1,1,1,1,1,0.5,2,2,1,0.5,0.5,1,1,1,1,2,1,1
205,Forretress,2282,153,161,205,181,bug,steel,0.5,1,0.5,1,0.5,1,4,1,1,0.25,1,0.5,0.5,0,0.5,1,0.5,1
206,Dunsparce,1689,187,131,128,225,normal,NA,1,1,1,1,1,2,1,1,0,1,1,1,1,1,1,1,1,1
207,Gligar,1857,139,143,184,163,ground,flying,0.5,1,1,0,1,0.5,1,1,1,1,0,4,1,0.5,1,1,1,2
208,Steelix,2414,153,148,272,181,steel,ground,0.5,1,0.5,0,0.5,2,2,0.5,1,1,2,1,0.5,0,0.5,0.25,0.5,2
209,Snubbull,1237,132,137,85,155,fairy,NA,0.5,0.5,0,1,1,0.5,1,1,1,1,1,1,1,2,1,1,2,1
210,Granbull,2552,173,212,131,207,fairy,NA,0.5,0.5,0,1,1,0.5,1,1,1,1,1,1,1,2,1,1,2,1
211,Qwilfish,2051,139,184,138,163,water,poison,0.5,1,1,2,0.5,0.5,0.5,1,1,1,2,0.5,1,0.5,2,1,0.5,0.5
212,Scizor,3001,146,236,181,172,bug,steel,0.5,1,0.5,1,0.5,1,4,1,1,0.25,1,0.5,0.5,0,0.5,1,0.5,1
213,Shuckle,405,78,17,396,85,bug,rock,1,1,1,1,1,1,1,1,1,1,1,1,0.5,0.5,1,2,2,2
214,Heracross,3101,160,234,179,190,bug,fighting,0.5,0.5,1,1,2,0.5,2,4,1,0.5,0.5,1,1,1,2,1,1,1
215,Sneasel,2051,125,189,146,146,dark,ice,2,0.5,1,1,2,4,2,1,0.5,1,1,0.5,1,1,0,2,2,1
216,Teddiursa,1328,132,142,93,155,normal,NA,1,1,1,1,1,2,1,1,0,1,1,1,1,1,1,1,1,1
217,Ursaring,2945,173,236,144,207,normal,NA,1,1,1,1,1,2,1,1,0,1,1,1,1,1,1,1,1,1
218,Slugma,895,105,118,71,120,fire,NA,0.5,1,1,1,0.5,1,0.5,1,1,0.5,2,0.5,1,1,1,2,0.5,2
219,Magcargo,1702,118,139,191,137,fire,rock,0.5,1,1,1,0.5,2,0.25,0.5,1,1,4,0.5,0.5,0.5,1,2,1,4
220,Swinub,741,118,90,69,137,ice,ground,1,1,1,0,1,2,2,1,1,2,1,1,1,0.5,1,1,2,2
221,Piloswine,2345,187,181,138,225,ice,ground,1,1,1,0,1,2,2,1,1,2,1,1,1,0.5,1,1,2,2
222,Corsola,1378,125,118,156,146,water,rock,1,1,1,2,1,2,0.25,0.5,1,4,2,0.5,0.5,0.5,1,1,1,1
223,Remoraid,912,98,127,69,111,water,NA,1,1,1,2,1,1,0.5,1,1,2,1,0.5,1,1,1,1,0.5,0.5
224,Octillery,2315,153,197,141,181,water,NA,1,1,1,2,1,1,0.5,1,1,2,1,0.5,1,1,1,1,0.5,0.5
225,Delibird,1094,111,128,90,128,ice,flying,0.5,1,1,2,1,1,2,1,1,0.5,0,1,1,1,1,4,2,1
226,Mantine,2108,139,148,226,163,water,flying,0.5,1,1,4,1,0.5,0.5,1,1,1,0,1,1,1,1,2,0.5,0.5
227,Skarmory,2108,139,148,226,163,steel,flying,0.25,1,0.5,2,0.5,1,2,0.5,1,0.25,0,1,0.5,0,0.5,1,0.5,1
228,Houndour,1234,111,152,83,128,dark,fire,1,0.5,1,1,1,2,0.5,1,0.5,0.5,2,0.5,1,1,0,2,0.5,2
229,Houndoom,2635,153,224,144,181,dark,fire,1,0.5,1,1,1,2,0.5,1,0.5,0.5,2,0.5,1,1,0,2,0.5,2
230,Kingdra,2641,153,194,194,181,water,dragon,1,1,2,1,2,1,0.25,1,1,1,1,1,1,1,1,1,0.5,0.25
231,Phanpy,1206,173,107,98,207,ground,NA,1,1,1,0,1,1,1,1,1,2,1,2,1,0.5,1,0.5,1,2
232,Donphan,3013,173,214,185,207,ground,NA,1,1,1,0,1,1,1,1,1,2,1,2,1,0.5,1,0.5,1,2
233,Porygon2,2711,166,198,180,198,normal,NA,1,1,1,1,1,2,1,1,0,1,1,1,1,1,1,1,1,1
234,Stantler,2164,150,192,131,177,normal,NA,1,1,1,1,1,2,1,1,0,1,1,1,1,1,1,1,1,1
235,Smeargle,431,125,40,83,146,normal,NA,1,1,1,1,1,2,1,1,0,1,1,1,1,1,1,1,1,1
236,Tyrogue,492,98,64,64,111,fighting,NA,0.5,0.5,1,1,2,1,1,2,1,1,1,1,1,1,2,0.5,1,1
237,Hitmontop,2156,118,173,207,137,fighting,NA,0.5,0.5,1,1,2,1,1,2,1,1,1,1,1,1,2,0.5,1,1
238,Smoochum,1291,111,153,91,128,ice,psychic,2,2,1,1,1,1,2,1,2,1,1,0.5,1,1,0.5,2,2,1
239,Elekid,1206,111,135,101,128,electric,NA,1,1,1,0.5,1,1,1,0.5,1,1,2,1,1,1,1,1,0.5,1
240,Magby,1323,111,151,99,128,fire,NA,0.5,1,1,1,0.5,1,0.5,1,1,0.5,2,0.5,1,1,1,2,0.5,2
241,Miltank,2354,180,157,193,216,normal,NA,1,1,1,1,1,2,1,1,0,1,1,1,1,1,1,1,1,1
242,Blissey,2757,399,129,169,496,normal,NA,1,1,1,1,1,2,1,1,0,1,1,1,1,1,1,1,1,1
243,Raikou,3452,173,241,195,207,electric,NA,1,1,1,0.5,1,1,1,0.5,1,1,2,1,1,1,1,1,0.5,1
244,Entei,3473,207,235,171,251,fire,NA,0.5,1,1,1,0.5,1,0.5,1,1,0.5,2,0.5,1,1,1,2,0.5,2
245,Suicune,2983,187,180,235,225,water,NA,1,1,1,2,1,1,0.5,1,1,2,1,0.5,1,1,1,1,0.5,0.5
246,Larvitar,1040,118,115,93,137,rock,ground,1,1,1,0,1,2,0.5,0.5,1,4,2,2,0.5,0.25,1,0.5,2,4
247,Pupitar,1766,146,155,133,172,rock,ground,1,1,1,0,1,2,0.5,0.5,1,4,2,2,0.5,0.25,1,0.5,2,4
248,Tyranitar,3834,187,251,207,225,rock,dark,2,0.5,1,1,2,4,0.5,0.5,0.5,2,2,1,0.5,0.5,0,1,2,2
249,Lugia,3703,195,193,310,235,psychic,flying,1,2,1,2,1,0.25,1,1,2,0.5,0,2,1,1,0.5,2,1,1
250,Ho-Oh,3863,179,239,244,214,fire,flying,0.25,1,1,2,0.5,0.5,0.5,1,1,0.25,0,1,1,1,1,4,0.5,2
251,Celebi,3265,187,210,210,225,psychic,grass,4,2,1,0.5,1,0.5,2,2,2,0.5,0.5,2,1,2,0.5,1,1,0.5
252,Treecko,1053,105,124,94,120,grass,NA,2,1,1,0.5,1,1,2,2,1,0.5,0.5,2,1,2,1,1,1,0.5
253,Grovyle,1673,118,172,120,137,grass,NA,2,1,1,0.5,1,1,2,2,1,0.5,0.5,2,1,2,1,1,1,0.5
254,Sceptile,2757,146,223,169,172,grass,NA,2,1,1,0.5,1,1,2,2,1,0.5,0.5,2,1,2,1,1,1,0.5
255,Torchic,1093,111,130,87,128,fire,NA,0.5,1,1,1,0.5,1,0.5,1,1,0.5,2,0.5,1,1,1,2,0.5,2
256,Combusken,1652,132,163,115,155,fire,fighting,0.25,0.5,1,1,1,1,0.5,2,1,0.5,2,0.5,1,1,2,1,0.5,2
257,Blaziken,2848,160,240,141,190,fire,fighting,0.25,0.5,1,1,1,1,0.5,2,1,0.5,2,0.5,1,1,2,1,0.5,2
258,Mudkip,1128,118,126,93,137,water,NA,1,1,1,2,1,1,0.5,1,1,2,1,0.5,1,1,1,1,0.5,0.5
259,Marshtomp,1776,146,156,133,172,water,ground,1,1,1,0,1,1,0.5,1,1,4,1,1,1,0.5,1,0.5,0.5,1
260,Swampert,2974,187,208,175,225,water,ground,1,1,1,0,1,1,0.5,1,1,4,1,1,1,0.5,1,0.5,0.5,1
261,Poochyena,678,98,96,61,111,dark,NA,2,0.5,1,1,2,2,1,1,0.5,1,1,1,1,1,0,1,1,1
262,Mightyena,1926,146,171,132,172,dark,NA,2,0.5,1,1,2,2,1,1,0.5,1,1,1,1,1,0,1,1,1
263,Zigzagoon,508,102,58,80,116,normal,NA,1,1,1,1,1,2,1,1,0,1,1,1,1,1,1,1,1,1
264,Linoone,1662,157,142,128,186,normal,NA,1,1,1,1,1,2,1,1,0,1,1,1,1,1,1,1,1,1
265,Wurmple,578,111,75,59,128,bug,NA,1,1,1,1,1,0.5,2,2,1,0.5,0.5,1,1,1,1,2,1,1
266,Silcoon,553,118,60,77,137,bug,NA,1,1,1,1,1,0.5,2,2,1,0.5,0.5,1,1,1,1,2,1,1
267,Beautifly,1765,132,189,98,155,bug,flying,0.5,1,1,2,1,0.25,2,2,1,0.25,0,2,1,1,1,4,1,1
268,Cascoon,553,118,60,77,137,bug,NA,1,1,1,1,1,0.5,2,2,1,0.5,0.5,1,1,1,1,2,1,1
269,Dustox,1224,132,98,162,155,bug,poison,0.5,1,1,1,0.5,0.25,2,2,1,0.25,1,1,1,0.5,2,2,1,1
270,Lotad,598,105,71,77,120,water,grass,2,1,1,1,1,1,1,2,1,1,0.5,1,1,2,1,1,0.5,0.25
271,Lombre,1197,132,112,119,155,water,grass,2,1,1,1,1,1,1,2,1,1,0.5,1,1,2,1,1,0.5,0.25
272,Ludicolo,2323,160,173,176,190,water,grass,2,1,1,1,1,1,1,2,1,1,0.5,1,1,2,1,1,0.5,0.25
273,Seedot,598,105,71,77,120,grass,NA,2,1,1,0.5,1,1,2,2,1,0.5,0.5,2,1,2,1,1,1,0.5
274,Nuzleaf,1227,146,134,78,172,grass,dark,4,0.5,1,0.5,2,2,2,2,0.5,0.5,0.5,2,1,2,0,1,1,0.5
275,Shiftry,2333,173,200,121,207,grass,dark,4,0.5,1,0.5,2,2,2,2,0.5,0.5,0.5,2,1,2,0,1,1,0.5
276,Taillow,765,105,106,61,120,normal,flying,0.5,1,1,2,1,1,1,1,0,0.5,0,2,1,1,1,2,1,1
277,Swellow,1920,132,185,124,155,normal,flying,0.5,1,1,2,1,1,1,1,0,0.5,0,2,1,1,1,2,1,1
278,Wingull,765,105,106,61,120,water,flying,0.5,1,1,4,1,0.5,0.5,1,1,1,0,1,1,1,1,2,0.5,0.5
279,Pelipper,2127,132,175,174,155,water,flying,0.5,1,1,4,1,0.5,0.5,1,1,1,0,1,1,1,1,2,0.5,0.5
280,Ralts,539,89,79,59,99,psychic,fairy,1,1,0,1,1,0.25,1,1,2,1,1,1,1,2,0.5,1,2,1
281,Kirlia,966,102,117,90,116,psychic,fairy,1,1,0,1,1,0.25,1,1,2,1,1,1,1,2,0.5,1,2,1
282,Gardevoir,3093,143,237,195,169,psychic,fairy,1,1,0,1,1,0.25,1,1,2,1,1,1,1,2,0.5,1,2,1
283,Surskit,791,105,93,87,120,bug,water,1,1,1,2,1,0.5,1,2,1,1,0.5,0.5,1,1,1,2,0.5,0.5
284,Masquerain,2270,146,192,150,172,bug,flying,0.5,1,1,2,1,0.25,2,2,1,0.25,0,2,1,1,1,4,1,1
285,Shroomish,810,132,74,110,155,grass,NA,2,1,1,0.5,1,1,2,2,1,0.5,0.5,2,1,2,1,1,1,0.5
286,Breloom,2628,132,241,144,155,grass,fighting,1,0.5,1,0.5,2,1,2,4,1,0.5,0.5,2,1,2,2,0.5,1,0.5
287,Slakoth,1002,132,104,92,155,normal,NA,1,1,1,1,1,2,1,1,0,1,1,1,1,1,1,1,1,1
288,Vigoroth,1968,160,159,145,190,normal,NA,1,1,1,1,1,2,1,1,0,1,1,1,1,1,1,1,1,1
289,Slaking,4431,233,290,166,284,normal,NA,1,1,1,1,1,2,1,1,0,1,1,1,1,1,1,1,1,1
290,Nincada,768,93,80,126,104,bug,ground,1,1,1,0,1,0.5,2,2,1,1,0.5,2,1,0.5,1,1,1,2
291,Ninjask,1969,133,199,112,156,bug,flying,0.5,1,1,2,1,0.25,2,2,1,0.25,0,2,1,1,1,4,1,1
292,Shedinja,393,12,153,73,1,bug,ghost,0.5,2,1,1,1,0,2,2,2,0.5,0.5,1,0,0.5,1,2,1,1
293,Whismur,671,138,92,42,162,normal,NA,1,1,1,1,1,2,1,1,0,1,1,1,1,1,1,1,1,1
294,Loudred,1327,165,134,81,197,normal,NA,1,1,1,1,1,2,1,1,0,1,1,1,1,1,1,1,1,1
295,Exploud,2347,193,179,137,232,normal,NA,1,1,1,1,1,2,1,1,0,1,1,1,1,1,1,1,1,1
296,Makuhita,817,149,99,54,176,fighting,NA,0.5,0.5,1,1,2,1,1,2,1,1,1,1,1,1,2,0.5,1,1
297,Hariyama,2829,247,209,114,302,fighting,NA,0.5,0.5,1,1,2,1,1,2,1,1,1,1,1,1,2,0.5,1,1
298,Azurill,364,118,36,71,137,normal,fairy,0.5,0.5,0,1,1,1,1,1,0,1,1,1,1,2,1,1,2,1
299,Nosepass,993,91,82,215,102,rock,NA,1,1,1,1,1,2,0.5,0.5,1,2,2,1,0.5,0.5,1,1,2,2
300,Skitty,739,118,84,79,137,normal,NA,1,1,1,1,1,2,1,1,0,1,1,1,1,1,1,1,1,1
301,Delcatty,1496,146,132,127,172,normal,NA,1,1,1,1,1,2,1,1,0,1,1,1,1,1,1,1,1,1
302,Sableye,1476,118,141,136,137,dark,ghost,1,1,1,1,2,0,1,1,1,1,1,1,0,0.5,0,1,1,1
303,Mawile,1634,118,155,141,137,steel,fairy,0.25,0.5,0,1,0.5,1,2,0.5,1,0.5,2,0.5,0.5,0,0.5,0.5,1,1
304,Aron,1307,118,121,141,137,steel,rock,0.5,1,0.5,1,0.5,4,1,0.25,1,1,4,0.5,0.25,0,0.5,0.5,1,2
305,Lairon,2056,132,158,198,155,steel,rock,0.5,1,0.5,1,0.5,4,1,0.25,1,1,4,0.5,0.25,0,0.5,0.5,1,2
306,Aggron,3000,146,198,257,172,steel,rock,0.5,1,0.5,1,0.5,4,1,0.25,1,1,4,0.5,0.25,0,0.5,0.5,1,2
307,Meditite,693,91,78,107,102,fighting,psychic,1,1,1,1,2,0.5,1,2,2,1,1,1,1,1,1,0.5,1,1
308,Medicham,1431,132,121,152,155,fighting,psychic,1,1,1,1,2,0.5,1,2,2,1,1,1,1,1,1,0.5,1,1
309,Electrike,965,105,123,78,120,electric,NA,1,1,1,0.5,1,1,1,0.5,1,1,2,1,1,1,1,1,0.5,1
310,Manectric,2340,146,215,127,172,electric,NA,1,1,1,0.5,1,1,1,0.5,1,1,2,1,1,1,1,1,0.5,1
311,Plusle,1778,132,167,129,155,electric,NA,1,1,1,0.5,1,1,1,0.5,1,1,2,1,1,1,1,1,0.5,1
312,Minun,1694,132,147,150,155,electric,NA,1,1,1,0.5,1,1,1,0.5,1,1,2,1,1,1,1,1,0.5,1
313,Volbeat,1771,139,143,166,163,bug,NA,1,1,1,1,1,0.5,2,2,1,0.5,0.5,1,1,1,1,2,1,1
314,Illumise,1771,139,143,166,163,bug,NA,1,1,1,1,1,0.5,2,2,1,0.5,0.5,1,1,1,1,2,1,1
315,Roselia,1870,118,186,131,137,grass,poison,1,1,1,0.5,0.5,0.5,2,2,1,0.25,1,2,1,1,2,1,1,0.5
316,Gulpin,866,146,80,99,172,poison,NA,0.5,1,1,1,0.5,0.5,1,1,1,0.5,2,1,1,0.5,2,1,1,1
317,Swalot,1978,187,140,159,225,poison,NA,0.5,1,1,1,0.5,0.5,1,1,1,0.5,2,1,1,0.5,2,1,1,1
318,Carvanha,1020,111,171,39,128,water,dark,2,0.5,1,2,2,2,0.5,1,0.5,2,1,0.5,1,1,0,1,0.5,0.5
319,Sharpedo,2181,146,243,83,172,water,dark,2,0.5,1,2,2,2,0.5,1,0.5,2,1,0.5,1,1,0,1,0.5,0.5
320,Wailmer,1468,228,136,68,277,water,NA,1,1,1,2,1,1,0.5,1,1,2,1,0.5,1,1,1,1,0.5,0.5
321,Wailord,2280,283,175,87,347,water,NA,1,1,1,2,1,1,0.5,1,1,2,1,0.5,1,1,1,1,0.5,0.5
322,Numel,1057,132,119,79,155,fire,ground,0.5,1,1,0,0.5,1,0.5,1,1,1,2,1,1,0.5,1,1,0.5,4
323,Camerupt,2193,146,194,136,172,fire,ground,0.5,1,1,0,0.5,1,0.5,1,1,1,2,1,1,0.5,1,1,0.5,4
324,Torkoal,2093,146,151,203,172,fire,NA,0.5,1,1,1,0.5,1,0.5,1,1,0.5,2,0.5,1,1,1,2,0.5,2
325,Spoink,1334,132,125,122,155,psychic,NA,2,2,1,1,1,0.5,1,1,2,1,1,1,1,1,0.5,1,1,1
326,Grumpig,2369,160,171,188,190,psychic,NA,2,2,1,1,1,0.5,1,1,2,1,1,1,1,1,0.5,1,1,1
327,Spinda,1220,132,116,116,155,normal,NA,1,1,1,1,1,2,1,1,0,1,1,1,1,1,1,1,1,1
328,Trapinch,1274,111,162,78,128,ground,NA,1,1,1,0,1,1,1,1,1,2,1,2,1,0.5,1,0.5,1,2
329,Vibrava,1225,118,134,99,137,ground,dragon,1,1,2,0,2,1,0.5,1,1,1,1,4,1,0.5,1,0.5,1,1
330,Flygon,2661,160,205,168,190,ground,dragon,1,1,2,0,2,1,0.5,1,1,1,1,4,1,0.5,1,0.5,1,1
331,Cacnea,1242,118,156,74,137,grass,NA,2,1,1,0.5,1,1,2,2,1,0.5,0.5,2,1,2,1,1,1,0.5
332,Cacturne,2298,146,221,115,172,grass,dark,4,0.5,1,0.5,2,2,2,2,0.5,0.5,0.5,2,1,2,0,1,1,0.5
333,Swablu,824,111,76,132,128,normal,flying,0.5,1,1,2,1,1,1,1,0,0.5,0,2,1,1,1,2,1,1
334,Altaria,2004,153,141,201,181,dragon,flying,0.5,1,2,1,2,0.5,0.5,1,1,0.25,0,4,1,1,1,2,1,0.5
335,Zangoose,2418,150,222,124,177,normal,NA,1,1,1,1,1,2,1,1,0,1,1,1,1,1,1,1,1,1
336,Seviper,2105,150,196,118,177,poison,NA,0.5,1,1,1,0.5,0.5,1,1,1,0.5,2,1,1,0.5,2,1,1,1
337,Lunatone,2327,173,178,153,207,rock,psychic,2,2,1,1,1,1,0.5,0.5,2,2,2,1,0.5,0.5,0.5,1,2,2
338,Solrock,2327,173,178,153,207,rock,psychic,2,2,1,1,1,1,0.5,0.5,2,2,2,1,0.5,0.5,0.5,1,2,2
339,Barboach,819,118,93,82,137,water,ground,1,1,1,0,1,1,0.5,1,1,4,1,1,1,0.5,1,0.5,0.5,1
340,Whiscash,2075,200,151,141,242,water,ground,1,1,1,0,1,1,0.5,1,1,4,1,1,1,0.5,1,0.5,0.5,1
341,Corphish,1230,109,141,99,125,water,NA,1,1,1,2,1,1,0.5,1,1,2,1,0.5,1,1,1,1,0.5,0.5
342,Crawdaunt,2474,136,224,142,160,water,dark,2,0.5,1,2,2,2,0.5,1,0.5,2,1,0.5,1,1,0,1,0.5,0.5
343,Baltoy,787,105,77,124,120,ground,psychic,2,2,1,0,1,0.5,1,1,2,2,1,2,1,0.5,0.5,0.5,1,2
344,Claydol,1971,132,140,229,155,ground,psychic,2,2,1,0,1,0.5,1,1,2,2,1,2,1,0.5,0.5,0.5,1,2
345,Lileep,1291,140,105,150,165,rock,grass,2,1,1,0.5,1,2,1,1,1,1,1,2,0.5,1,1,1,2,1
346,Cradily,2211,168,152,194,200,rock,grass,2,1,1,0.5,1,2,1,1,1,1,1,2,0.5,1,1,1,2,1
347,Anorith,1529,111,176,100,128,rock,bug,1,1,1,1,1,1,1,1,1,1,1,1,0.5,0.5,1,2,2,2
348,Armaldo,2848,153,222,174,181,rock,bug,1,1,1,1,1,1,1,1,1,1,1,1,0.5,0.5,1,2,2,2
349,Feebas,274,78,29,85,85,water,NA,1,1,1,2,1,1,0.5,1,1,2,1,0.5,1,1,1,1,0.5,0.5
350,Milotic,3005,180,192,219,216,water,NA,1,1,1,2,1,1,0.5,1,1,2,1,0.5,1,1,1,1,0.5,0.5
351,Castform,1632,146,139,139,172,normal,NA,1,1,1,1,1,2,1,1,0,1,1,1,1,1,1,1,1,1
352,Kecleon,2047,132,161,189,155,normal,NA,1,1,1,1,1,2,1,1,0,1,1,1,1,1,1,1,1,1
353,Shuppet,1018,111,138,65,127,ghost,NA,0.5,2,1,1,1,0,1,1,2,1,1,1,0,0.5,1,1,1,1
354,Banette,2298,138,218,126,162,ghost,NA,0.5,2,1,1,1,0,1,1,2,1,1,1,0,0.5,1,1,1,1
355,Duskull,706,78,70,162,85,ghost,NA,0.5,2,1,1,1,0,1,1,2,1,1,1,0,0.5,1,1,1,1
356,Dusclops,1591,105,124,234,120,ghost,NA,0.5,2,1,1,1,0,1,1,2,1,1,1,0,0.5,1,1,1,1
357,Tropius,1941,186,136,163,223,grass,flying,1,1,1,1,1,0.5,2,2,1,0.25,0,4,1,2,1,2,1,0.5
358,Chimecho,2259,153,175,170,181,psychic,NA,2,2,1,1,1,0.5,1,1,2,1,1,1,1,1,0.5,1,1,1
359,Absol,2526,139,246,120,163,dark,NA,2,0.5,1,1,2,2,1,1,0.5,1,1,1,1,1,0,1,1,1
360,Wynaut,534,180,41,86,216,psychic,NA,2,2,1,1,1,0.5,1,1,2,1,1,1,1,1,0.5,1,1,1
361,Snorunt,888,118,95,95,137,ice,NA,1,1,1,1,1,2,2,1,1,1,1,0.5,1,1,1,2,2,1
362,Glalie,2105,160,162,162,190,ice,NA,1,1,1,1,1,2,2,1,1,1,1,0.5,1,1,1,2,2,1
363,Spheal,962,146,95,90,172,ice,water,1,1,1,2,1,2,1,1,1,2,1,0.25,1,1,1,2,1,0.5
364,Sealeo,1714,173,137,132,207,ice,water,1,1,1,2,1,2,1,1,1,2,1,0.25,1,1,1,2,1,0.5
365,Walrein,2726,200,182,176,242,ice,water,1,1,1,2,1,2,1,1,1,2,1,0.25,1,1,1,2,1,0.5
366,Clamperl,1270,98,133,135,111,water,NA,1,1,1,2,1,1,0.5,1,1,2,1,0.5,1,1,1,1,0.5,0.5
367,Huntail,2340,125,197,179,146,water,NA,1,1,1,2,1,1,0.5,1,1,2,1,0.5,1,1,1,1,0.5,0.5
368,Gorebyss,2494,125,211,179,146,water,NA,1,1,1,2,1,1,0.5,1,1,2,1,0.5,1,1,1,1,0.5,0.5
369,Relicanth,2528,187,162,203,225,water,rock,1,1,1,2,1,2,0.25,0.5,1,4,2,0.5,0.5,0.5,1,1,1,1
370,Luvdisc,848,109,81,128,125,water,NA,1,1,1,2,1,1,0.5,1,1,2,1,0.5,1,1,1,1,0.5,0.5
371,Bagon,1156,111,134,93,128,dragon,NA,1,1,2,0.5,2,1,0.5,1,1,0.5,1,2,1,1,1,1,1,0.5
372,Shelgon,2031,139,172,155,163,dragon,NA,1,1,2,0.5,2,1,0.5,1,1,0.5,1,2,1,1,1,1,1,0.5
373,Salamence,3749,180,277,168,216,dragon,flying,0.5,1,2,1,2,0.5,0.5,1,1,0.25,0,4,1,1,1,2,1,0.5
374,Beldum,976,105,96,132,120,steel,psychic,1,2,0.5,1,0.5,1,2,0.5,2,0.5,2,0.5,0.5,0,0.25,0.5,0.5,1
375,Metang,1721,132,138,176,155,steel,psychic,1,2,0.5,1,0.5,1,2,0.5,2,0.5,2,0.5,0.5,0,0.25,0.5,0.5,1
376,Metagross,3791,160,257,228,190,steel,psychic,1,2,0.5,1,0.5,1,2,0.5,2,0.5,2,0.5,0.5,0,0.25,0.5,0.5,1
377,Regirock,3122,160,179,309,190,rock,NA,1,1,1,1,1,2,0.5,0.5,1,2,2,1,0.5,0.5,1,1,2,2
378,Regice,3122,160,179,309,190,ice,NA,1,1,1,1,1,2,2,1,1,1,1,0.5,1,1,1,2,2,1
379,Registeel,2447,160,143,285,190,steel,NA,0.5,1,0.5,1,0.5,2,2,0.5,1,0.5,2,0.5,0.5,0,0.5,0.5,0.5,1
380,Latias,3510,160,228,246,190,dragon,psychic,2,2,2,0.5,2,0.5,0.5,1,2,0.5,1,2,1,1,0.5,1,1,0.5
381,Latios,3812,160,268,212,190,dragon,psychic,2,2,2,0.5,2,0.5,0.5,1,2,0.5,1,2,1,1,0.5,1,1,0.5
382,Kyogre,4115,171,270,228,205,water,NA,1,1,1,2,1,1,0.5,1,1,2,1,0.5,1,1,1,1,0.5,0.5
383,Groudon,4115,171,270,228,205,ground,NA,1,1,1,0,1,1,1,1,1,2,1,2,1,0.5,1,0.5,1,2
384,Rayquaza,3835,178,284,170,213,dragon,flying,0.5,1,2,1,2,0.5,0.5,1,1,0.25,0,4,1,1,1,2,1,0.5
385,Jirachi,3265,187,210,210,225,steel,psychic,1,2,0.5,1,0.5,1,2,0.5,2,0.5,2,0.5,0.5,0,0.25,0.5,0.5,1
386,Deoxys,3160,118,345,115,137,psychic,NA,2,2,1,1,1,0.5,1,1,2,1,1,1,1,1,0.5,1,1,1
387,Turtwig,1187,125,119,110,146,grass,NA,2,1,1,0.5,1,1,2,2,1,0.5,0.5,2,1,2,1,1,1,0.5
388,Grotle,1890,153,157,143,181,grass,NA,2,1,1,0.5,1,1,2,2,1,0.5,0.5,2,1,2,1,1,1,0.5
389,Torterra,2934,180,202,188,216,grass,ground,2,1,1,0,1,1,2,2,1,1,0.5,4,1,1,1,0.5,1,1
390,Chimchar,957,111,113,86,127,fire,NA,0.5,1,1,1,0.5,1,0.5,1,1,0.5,2,0.5,1,1,1,2,0.5,2
391,Monferno,1574,138,158,105,162,fire,fighting,0.25,0.5,1,1,1,1,0.5,2,1,0.5,2,0.5,1,1,2,1,0.5,2
392,Infernape,2683,154,222,151,183,fire,fighting,0.25,0.5,1,1,1,1,0.5,2,1,0.5,2,0.5,1,1,2,1,0.5,2
393,Piplup,1075,122,112,102,142,water,NA,1,1,1,2,1,1,0.5,1,1,2,1,0.5,1,1,1,1,0.5,0.5
394,Prinplup,1701,138,150,139,162,water,NA,1,1,1,2,1,1,0.5,1,1,2,1,0.5,1,1,1,1,0.5,0.5
395,Empoleon,2900,165,210,186,197,water,steel,0.5,1,0.5,2,0.5,2,1,0.5,1,1,2,0.25,0.5,0,0.5,0.5,0.25,0.5
396,Starly,719,105,101,58,120,normal,flying,0.5,1,1,2,1,1,1,1,0,0.5,0,2,1,1,1,2,1,1
397,Staravia,1299,125,142,94,146,normal,flying,0.5,1,1,2,1,1,1,1,0,0.5,0,2,1,1,1,2,1,1
398,Staraptor,2825,166,234,140,198,normal,flying,0.5,1,1,2,1,1,1,1,0,0.5,0,2,1,1,1,2,1,1
399,Bidoof,721,131,80,73,153,normal,NA,1,1,1,1,1,2,1,1,0,1,1,1,1,1,1,1,1,1
400,Bibarel,1823,158,162,119,188,normal,water,1,1,1,2,1,2,0.5,1,0,2,1,0.5,1,1,1,1,0.5,0.5
401,Kricketot,401,100,45,74,114,bug,NA,1,1,1,1,1,0.5,2,2,1,0.5,0.5,1,1,1,1,2,1,1
402,Kricketune,1653,155,160,100,184,bug,NA,1,1,1,1,1,0.5,2,2,1,0.5,0.5,1,1,1,1,2,1,1
403,Shinx,876,111,117,64,128,electric,NA,1,1,1,0.5,1,1,1,0.5,1,1,2,1,1,1,1,1,0.5,1
404,Luxio,1486,132,159,95,155,electric,NA,1,1,1,0.5,1,1,1,0.5,1,1,2,1,1,1,1,1,0.5,1
405,Luxray,2888,160,232,156,190,electric,NA,1,1,1,0.5,1,1,1,0.5,1,1,2,1,1,1,1,1,0.5,1
406,Budew,856,105,91,109,120,grass,poison,1,1,1,0.5,0.5,0.5,2,2,1,0.25,1,2,1,1,2,1,1,0.5
407,Roserade,2971,132,243,185,155,grass,poison,1,1,1,0.5,0.5,0.5,2,2,1,0.25,1,2,1,1,2,1,1,0.5
408,Cranidos,1820,142,218,71,167,rock,NA,1,1,1,1,1,2,0.5,0.5,1,2,2,1,0.5,0.5,1,1,2,2
409,Rampardos,3298,182,295,109,219,rock,NA,1,1,1,1,1,2,0.5,0.5,1,2,2,1,0.5,0.5,1,1,2,2
410,Shieldon,890,91,76,195,102,rock,steel,0.5,1,0.5,1,0.5,4,1,0.25,1,1,4,0.5,0.25,0,0.5,0.5,1,2
411,Bastiodon,1539,132,94,286,155,rock,steel,0.5,1,0.5,1,0.5,4,1,0.25,1,1,4,0.5,0.25,0,0.5,0.5,1,2
412,Burmy,488,105,53,83,120,bug,NA,1,1,1,1,1,0.5,2,2,1,0.5,0.5,1,1,1,1,2,1,1
413,Wormadam,1773,132,141,180,155,bug,grass,2,1,1,0.5,1,0.5,4,4,1,0.25,0.25,2,1,2,1,2,1,0.5
414,Mothim,1815,146,185,98,172,bug,flying,0.5,1,1,2,1,0.25,2,2,1,0.25,0,2,1,1,1,4,1,1
415,Combee,494,91,59,83,102,bug,flying,0.5,1,1,2,1,0.25,2,2,1,0.25,0,2,1,1,1,4,1,1
416,Vespiquen,2005,146,149,190,172,bug,flying,0.5,1,1,2,1,0.25,2,2,1,0.25,0,2,1,1,1,4,1,1
417,Pachirisu,1213,132,94,172,155,electric,NA,1,1,1,0.5,1,1,1,0.5,1,1,2,1,1,1,1,1,0.5,1
418,Buizel,1054,125,132,67,146,water,NA,1,1,1,2,1,1,0.5,1,1,2,1,0.5,1,1,1,1,0.5,0.5
419,Floatzel,2443,166,221,114,198,water,NA,1,1,1,2,1,1,0.5,1,1,2,1,0.5,1,1,1,1,0.5,0.5
420,Cherubi,950,111,108,92,128,grass,NA,2,1,1,0.5,1,1,2,2,1,0.5,0.5,2,1,2,1,1,1,0.5
421,Cherrim,2048,146,170,153,172,grass,NA,2,1,1,0.5,1,1,2,2,1,0.5,0.5,2,1,2,1,1,1,0.5
422,Shellos,1136,154,103,105,183,water,NA,1,1,1,2,1,1,0.5,1,1,2,1,0.5,1,1,1,1,0.5,0.5
423,Gastrodon,2324,202,169,143,244,water,ground,1,1,1,0,1,1,0.5,1,1,4,1,1,1,0.5,1,0.5,0.5,1
424,Ambipom,2418,153,205,143,181,normal,NA,1,1,1,1,1,2,1,1,0,1,1,1,1,1,1,1,1,1
425,Drifloon,1197,173,117,80,207,ghost,flying,0.25,2,1,2,1,0,1,1,2,0.5,0,2,0,0.5,1,2,1,1
426,Drifblim,2382,255,180,102,312,ghost,flying,0.25,2,1,2,1,0,1,1,2,0.5,0,2,0,0.5,1,2,1,1
427,Buneary,1258,125,130,105,146,normal,NA,1,1,1,1,1,2,1,1,0,1,1,1,1,1,1,1,1,1
428,Lopunny,2059,139,156,194,163,normal,NA,1,1,1,1,1,2,1,1,0,1,1,1,1,1,1,1,1,1
429,Mismagius,2615,132,211,187,155,ghost,NA,0.5,2,1,1,1,0,1,1,2,1,1,1,0,0.5,1,1,1,1
430,Honchkrow,2711,187,243,103,225,dark,flying,1,0.5,1,2,2,1,1,1,0.5,0.5,0,2,1,1,0,2,1,1
431,Glameow,934,117,109,82,135,normal,NA,1,1,1,1,1,2,1,1,0,1,1,1,1,1,1,1,1,1
432,Purugly,1953,147,172,133,174,normal,NA,1,1,1,1,1,2,1,1,0,1,1,1,1,1,1,1,1,1
433,Chingling,1005,111,114,94,128,psychic,NA,2,2,1,1,1,0.5,1,1,2,1,1,1,1,1,0.5,1,1,1
434,Stunky,1151,136,121,90,160,poison,dark,1,0.5,1,1,1,1,1,1,0.5,0.5,2,1,1,0.5,0,1,1,1
435,Skuntank,2358,191,184,132,230,poison,dark,1,0.5,1,1,1,1,1,1,0.5,0.5,2,1,1,0.5,0,1,1,1
436,Bronzor,603,128,43,154,149,steel,psychic,1,2,0.5,1,0.5,1,2,0.5,2,0.5,2,0.5,0.5,0,0.25,0.5,0.5,1
437,Bronzong,2239,142,161,213,167,steel,psychic,1,2,0.5,1,0.5,1,2,0.5,2,0.5,2,0.5,0.5,0,0.25,0.5,0.5,1
438,Bonsly,1302,118,124,133,137,rock,NA,1,1,1,1,1,2,0.5,0.5,1,2,2,1,0.5,0.5,1,1,2,2
439,Mime Jr.,1095,78,125,142,85,psychic,fairy,1,1,0,1,1,0.25,1,1,2,1,1,1,1,2,0.5,1,2,1
440,Happiny,371,187,25,77,225,normal,NA,1,1,1,1,1,2,1,1,0,1,1,1,1,1,1,1,1,1
441,Chatot,1791,154,183,91,183,normal,flying,0.5,1,1,2,1,1,1,1,0,0.5,0,2,1,1,1,2,1,1
442,Spiritomb,2072,118,169,199,137,ghost,dark,1,1,1,1,2,0,1,1,1,1,1,1,0,0.5,0,1,1,1
443,Gible,1112,129,124,84,151,dragon,ground,1,1,2,0,2,1,0.5,1,1,1,1,4,1,0.5,1,0.5,1,1
444,Gabite,1874,143,172,125,169,dragon,ground,1,1,2,0,2,1,0.5,1,1,1,1,4,1,0.5,1,0.5,1,1
445,Garchomp,3962,198,261,193,239,dragon,ground,1,1,2,0,2,1,0.5,1,1,1,1,4,1,0.5,1,0.5,1,1
446,Munchlax,1892,235,137,117,286,normal,NA,1,1,1,1,1,2,1,1,0,1,1,1,1,1,1,1,1,1
447,Riolu,993,105,127,78,120,fighting,NA,0.5,0.5,1,1,2,1,1,2,1,1,1,1,1,1,2,0.5,1,1
448,Lucario,2703,146,236,144,172,fighting,steel,0.25,0.5,0.5,1,1,2,2,1,1,0.5,2,0.5,0.5,0,1,0.25,0.5,1
449,Hippopotas,1358,143,124,118,169,ground,NA,1,1,1,0,1,1,1,1,1,2,1,2,1,0.5,1,0.5,1,2
450,Hippowdon,3085,198,201,191,239,ground,NA,1,1,1,0,1,1,1,1,1,2,1,2,1,0.5,1,0.5,1,2
451,Skorupi,1009,105,93,151,120,poison,bug,0.5,1,1,1,0.5,0.25,2,2,1,0.25,1,1,1,0.5,2,2,1,1
452,Drapion,2453,146,180,202,172,poison,dark,1,0.5,1,1,1,1,1,1,0.5,0.5,2,1,1,0.5,0,1,1,1
453,Croagunk,952,116,116,76,134,poison,fighting,0.25,0.5,1,1,1,0.5,1,2,1,0.5,2,1,1,0.5,4,0.5,1,1
454,Toxicroak,2488,164,211,133,195,poison,fighting,0.25,0.5,1,1,1,0.5,1,2,1,0.5,2,1,1,0.5,4,0.5,1,1
455,Carnivine,2159,151,187,136,179,grass,NA,2,1,1,0.5,1,1,2,2,1,0.5,0.5,2,1,2,1,1,1,0.5
456,Finneon,971,117,96,116,135,water,NA,1,1,1,2,1,1,0.5,1,1,2,1,0.5,1,1,1,1,0.5,0.5
457,Lumineon,1814,144,142,170,170,water,NA,1,1,1,2,1,1,0.5,1,1,2,1,0.5,1,1,1,1,0.5,0.5
458,Mantyke,1248,111,105,179,128,water,flying,0.5,1,1,4,1,0.5,0.5,1,1,1,0,1,1,1,1,2,0.5,0.5
459,Snover,1159,132,115,105,155,grass,ice,2,1,1,0.5,1,2,4,2,1,0.5,0.5,1,1,2,1,2,2,0.5
460,Abomasnow,2362,173,178,158,207,grass,ice,2,1,1,0.5,1,2,4,2,1,0.5,0.5,1,1,2,1,2,2,0.5
461,Weavile,3005,146,243,171,172,dark,ice,2,0.5,1,1,2,4,2,1,0.5,1,1,0.5,1,1,0,2,2,1
462,Magnezone,3205,146,238,205,172,electric,steel,0.5,1,0.5,0.5,0.5,2,2,0.25,1,0.5,4,0.5,0.5,0,0.5,0.5,0.25,1
463,Lickilicky,2467,200,161,181,242,normal,NA,1,1,1,1,1,2,1,1,0,1,1,1,1,1,1,1,1,1
464,Rhyperior,3733,207,241,190,251,ground,rock,1,1,1,0,1,2,0.5,0.5,1,4,2,2,0.5,0.25,1,0.5,2,4
465,Tangrowth,3030,187,207,184,225,grass,NA,2,1,1,0.5,1,1,2,2,1,0.5,0.5,2,1,2,1,1,1,0.5
466,Electivire,3079,153,249,163,181,electric,NA,1,1,1,0.5,1,1,1,0.5,1,1,2,1,1,1,1,1,0.5,1
467,Magmortar,3132,153,247,172,181,fire,NA,0.5,1,1,1,0.5,1,0.5,1,1,0.5,2,0.5,1,1,1,2,0.5,2
468,Togekiss,3332,166,225,217,198,fairy,flying,0.25,0.5,0,2,1,0.25,1,1,1,0.5,0,2,1,2,1,2,2,1
469,Yanmega,2946,168,231,156,200,bug,flying,0.5,1,1,2,1,0.25,2,2,1,0.25,0,2,1,1,1,4,1,1
470,Leafeon,2944,139,216,219,163,grass,NA,2,1,1,0.5,1,1,2,2,1,0.5,0.5,2,1,2,1,1,1,0.5
471,Glaceon,3126,139,238,205,163,ice,NA,1,1,1,1,1,2,2,1,1,1,1,0.5,1,1,1,2,2,1
472,Gliscor,2692,153,185,222,181,ground,flying,0.5,1,1,0,1,0.5,1,1,1,1,0,4,1,0.5,1,1,1,2
473,Mamoswine,3328,200,247,146,242,ice,ground,1,1,1,0,1,2,2,1,1,2,1,1,1,0.5,1,1,2,2
474,Porygon-Z,3266,166,264,150,198,normal,NA,1,1,1,1,1,2,1,1,0,1,1,1,1,1,1,1,1,1
475,Gallade,3093,143,237,195,169,psychic,fighting,1,1,1,1,2,0.5,1,2,2,1,1,1,1,1,1,0.5,1,1
476,Probopass,2080,132,135,275,155,rock,steel,0.5,1,0.5,1,0.5,4,1,0.25,1,1,4,0.5,0.25,0,0.5,0.5,1,2
477,Dusknoir,2388,111,180,254,128,ghost,NA,0.5,2,1,1,1,0,1,1,2,1,1,1,0,0.5,1,1,1,1
478,Froslass,2040,146,171,150,172,ice,ghost,0.5,2,1,1,1,0,2,1,2,1,1,0.5,0,0.5,1,2,2,1
479,Rotom,2031,118,185,159,137,electric,ghost,0.5,2,1,0.5,1,0,1,0.5,2,1,2,1,0,0.5,1,1,0.5,1
480,Uxie,2524,153,156,270,181,psychic,NA,2,2,1,1,1,0.5,1,1,2,1,1,1,1,1,0.5,1,1,1
481,Mesprit,3058,160,212,212,190,psychic,NA,2,2,1,1,1,0.5,1,1,2,1,1,1,1,1,0.5,1,1,1
482,Azelf,3210,153,270,151,181,psychic,NA,2,2,1,1,1,0.5,1,1,2,1,1,1,1,1,0.5,1,1,1
483,Dialga,4038,171,275,211,205,steel,dragon,0.5,1,1,0.5,1,2,1,0.5,1,0.25,2,1,0.5,0,0.5,0.5,0.5,0.5
484,Palkia,3991,159,280,215,189,water,dragon,1,1,2,1,2,1,0.25,1,1,1,1,1,1,1,1,1,0.5,0.25
485,Heatran,3754,175,251,213,209,fire,steel,0.25,1,0.5,1,0.25,2,1,0.5,1,0.25,4,0.25,0.5,0,0.5,1,0.25,2
486,Regigigas,4346,184,287,210,221,normal,NA,1,1,1,1,1,2,1,1,0,1,1,1,1,1,1,1,1,1
487,Giratina,3379,233,187,225,284,ghost,dragon,0.5,2,2,0.5,2,0,0.5,1,2,0.5,1,2,0,0.5,1,1,1,0.5
488,Cresselia,2857,214,152,258,260,psychic,NA,2,2,1,1,1,0.5,1,1,2,1,1,1,1,1,0.5,1,1,1
489,Phione,2105,160,162,162,190,water,NA,1,1,1,2,1,1,0.5,1,1,2,1,0.5,1,1,1,1,0.5,0.5
490,Manaphy,3265,187,210,210,225,water,NA,1,1,1,2,1,1,0.5,1,1,2,1,0.5,1,1,1,1,0.5,0.5
491,Darkrai,3739,146,285,198,172,dark,NA,2,0.5,1,1,2,2,1,1,0.5,1,1,1,1,1,0,1,1,1
492,Shaymin,3265,187,210,210,225,grass,grass,2,1,1,0.5,1,1,2,2,1,0.5,0.5,2,1,2,1,1,1,0.5
493,Arceus,3989,197,238,238,237,normal,NA,1,1,1,1,1,2,1,1,0,1,1,1,1,1,1,1,1,1
494,Victini,3265,187,210,210,225,psychic,fire,1,2,1,1,0.5,0.5,0.5,1,2,0.5,2,0.5,1,1,0.5,2,0.5,2
495,Snivy,849,111,88,107,128,grass,NA,2,1,1,0.5,1,1,2,2,1,0.5,0.5,2,1,2,1,1,1,0.5
496,Servine,1441,132,122,152,155,grass,NA,2,1,1,0.5,1,1,2,2,1,0.5,0.5,2,1,2,1,1,1,0.5
497,Serperior,2277,153,161,204,181,grass,NA,2,1,1,0.5,1,1,2,2,1,0.5,0.5,2,1,2,1,1,1,0.5
498,Tepig,1083,139,115,85,163,fire,NA,0.5,1,1,1,0.5,1,0.5,1,1,0.5,2,0.5,1,1,1,2,0.5,2
499,Pignite,1924,173,173,106,207,fire,fighting,0.25,0.5,1,1,1,1,0.5,2,1,0.5,2,0.5,1,1,2,1,0.5,2
500,Emboar,2982,200,235,127,242,fire,fighting,0.25,0.5,1,1,1,1,0.5,2,1,0.5,2,0.5,1,1,2,1,0.5,2
501,Oshawott,1046,125,117,85,146,water,NA,1,1,1,2,1,1,0.5,1,1,2,1,0.5,1,1,1,1,0.5,0.5
502,Dewott,1741,153,159,116,181,water,NA,1,1,1,2,1,1,0.5,1,1,2,1,0.5,1,1,1,1,0.5,0.5
503,Samurott,2826,180,212,157,216,water,NA,1,1,1,2,1,1,0.5,1,1,2,1,0.5,1,1,1,1,0.5,0.5
504,Patrat,791,111,98,73,128,normal,NA,1,1,1,1,1,2,1,1,0,1,1,1,1,1,1,1,1,1
505,Watchog,1819,132,165,139,155,normal,NA,1,1,1,1,1,2,1,1,0,1,1,1,1,1,1,1,1,1
506,Lillipup,915,111,107,86,128,normal,NA,1,1,1,1,1,2,1,1,0,1,1,1,1,1,1,1,1,1
507,Herdier,1583,139,145,126,163,normal,NA,1,1,1,1,1,2,1,1,0,1,1,1,1,1,1,1,1,1
508,Stoutland,2827,166,206,182,198,normal,NA,1,1,1,1,1,2,1,1,0,1,1,1,1,1,1,1,1,1
509,Purrloin,772,106,98,73,121,dark,NA,2,0.5,1,1,2,2,1,1,0.5,1,1,1,1,1,0,1,1,1
510,Liepard,1846,138,187,106,162,dark,NA,2,0.5,1,1,2,2,1,1,0.5,1,1,1,1,1,0,1,1,1
511,Pansage,956,118,104,94,137,grass,NA,2,1,1,0.5,1,1,2,2,1,0.5,0.5,2,1,2,1,1,1,0.5
512,Simisage,2350,153,206,133,181,grass,NA,2,1,1,0.5,1,1,2,2,1,0.5,0.5,2,1,2,1,1,1,0.5
513,Pansear,956,118,104,94,137,fire,NA,0.5,1,1,1,0.5,1,0.5,1,1,0.5,2,0.5,1,1,1,2,0.5,2
514,Simisear,2350,153,206,133,181,fire,NA,0.5,1,1,1,0.5,1,0.5,1,1,0.5,2,0.5,1,1,1,2,0.5,2
515,Panpour,956,118,104,94,137,water,NA,1,1,1,2,1,1,0.5,1,1,2,1,0.5,1,1,1,1,0.5,0.5
516,Simipour,2350,153,206,133,181,water,NA,1,1,1,2,1,1,0.5,1,1,2,1,0.5,1,1,1,1,0.5,0.5
517,Munna,1145,154,111,92,183,psychic,NA,2,2,1,1,1,0.5,1,1,2,1,1,1,1,1,0.5,1,1,1
518,Musharna,2723,209,183,166,253,psychic,NA,2,2,1,1,1,0.5,1,1,2,1,1,1,1,1,0.5,1,1,1
519,Pidove,848,118,98,80,137,normal,flying,0.5,1,1,2,1,1,1,1,0,0.5,0,2,1,1,1,2,1,1
520,Tranquill,1442,135,144,107,158,normal,flying,0.5,1,1,2,1,1,1,1,0,0.5,0,2,1,1,1,2,1,1
521,Unfezant,2734,160,226,146,190,normal,flying,0.5,1,1,2,1,1,1,1,0,0.5,0,2,1,1,1,2,1,1
522,Blitzle,882,111,118,64,128,electric,NA,1,1,1,0.5,1,1,1,0.5,1,1,2,1,1,1,1,1,0.5,1
523,Zebstrika,2428,153,211,136,181,electric,NA,1,1,1,0.5,1,1,1,0.5,1,1,2,1,1,1,1,1,0.5,1
524,Roggenrola,1205,125,121,110,146,rock,NA,1,1,1,1,1,2,0.5,0.5,1,2,2,1,0.5,0.5,1,1,2,2
525,Boldore,2029,146,174,143,172,rock,NA,1,1,1,1,1,2,0.5,0.5,1,2,2,1,0.5,0.5,1,1,2,2
526,Gigalith,3228,166,226,201,198,rock,NA,1,1,1,1,1,2,0.5,0.5,1,2,2,1,0.5,0.5,1,1,2,2
527,Woobat,1016,139,107,85,163,psychic,flying,1,2,1,2,1,0.25,1,1,2,0.5,0,2,1,1,0.5,2,1,1
528,Swoobat,1716,142,161,119,167,psychic,flying,1,2,1,2,1,0.25,1,1,2,0.5,0,2,1,1,0.5,2,1,1
529,Drilbur,1376,132,154,85,155,ground,NA,1,1,1,0,1,1,1,1,1,2,1,2,1,0.5,1,0.5,1,2
530,Excadrill,3244,200,255,129,242,ground,steel,0.5,1,0.5,0,0.5,2,2,0.5,1,1,2,1,0.5,0,0.5,0.25,0.5,2
531,Audino,1682,191,114,163,230,normal,NA,1,1,1,1,1,2,1,1,0,1,1,1,1,1,1,1,1,1
532,Timburr,1315,153,134,87,181,fighting,NA,0.5,0.5,1,1,2,1,1,2,1,1,1,1,1,1,2,0.5,1,1
533,Gurdurr,2169,166,180,134,198,fighting,NA,0.5,0.5,1,1,2,1,1,2,1,1,1,1,1,1,2,0.5,1,1
534,Conkeldurr,3337,193,243,158,233,fighting,NA,0.5,0.5,1,1,2,1,1,2,1,1,1,1,1,1,2,0.5,1,1
535,Tympole,839,118,98,78,137,water,NA,1,1,1,2,1,1,0.5,1,1,2,1,0.5,1,1,1,1,0.5,0.5
536,Palpitoad,1392,153,128,109,181,water,ground,1,1,1,0,1,1,0.5,1,1,4,1,1,1,0.5,1,0.5,0.5,1
537,Seismitoad,2564,193,188,150,233,water,ground,1,1,1,0,1,1,0.5,1,1,4,1,1,1,0.5,1,0.5,0.5,1
538,Throh,2562,214,172,160,260,fighting,NA,0.5,0.5,1,1,2,1,1,2,1,1,1,1,1,1,2,0.5,1,1
539,Sawk,2788,153,231,153,181,fighting,NA,0.5,0.5,1,1,2,1,1,2,1,1,1,1,1,1,2,0.5,1,1
540,Sewaddle,977,111,96,124,128,bug,grass,2,1,1,0.5,1,0.5,4,4,1,0.25,0.25,2,1,2,1,2,1,0.5
541,Swadloon,1370,125,115,162,146,bug,grass,2,1,1,0.5,1,0.5,4,4,1,0.25,0.25,2,1,2,1,2,1,0.5
542,Leavanny,2580,153,205,165,181,bug,grass,2,1,1,0.5,1,0.5,4,4,1,0.25,0.25,2,1,2,1,2,1,0.5
543,Venipede,706,91,83,99,102,bug,poison,0.5,1,1,1,0.5,0.25,2,2,1,0.25,1,1,1,0.5,2,2,1,1
544,Whirlipede,1144,105,100,173,120,bug,poison,0.5,1,1,1,0.5,0.25,2,2,1,0.25,1,1,1,0.5,2,2,1,1
545,Scolipede,2447,132,203,175,155,bug,poison,0.5,1,1,1,0.5,0.25,2,2,1,0.25,1,1,1,0.5,2,2,1,1
546,Cottonee,700,105,71,111,120,grass,fairy,1,0.5,0,0.5,1,0.5,2,2,1,0.5,0.5,2,1,4,1,1,2,0.5
547,Whimsicott,2014,132,164,176,155,grass,fairy,1,0.5,0,0.5,1,0.5,2,2,1,0.5,0.5,2,1,4,1,1,2,0.5
548,Petilil,1030,111,119,91,128,grass,NA,2,1,1,0.5,1,1,2,2,1,0.5,0.5,2,1,2,1,1,1,0.5
549,Lilligant,2550,146,214,155,172,grass,NA,2,1,1,0.5,1,1,2,2,1,0.5,0.5,2,1,2,1,1,1,0.5
550,Basculin,2090,146,189,129,172,water,NA,1,1,1,2,1,1,0.5,1,1,2,1,0.5,1,1,1,1,0.5,0.5
551,Sandile,1037,118,132,69,137,ground,dark,2,0.5,1,0,2,2,1,1,0.5,2,1,2,1,0.5,0,0.5,1,2
552,Krokorok,1418,132,155,90,155,ground,dark,2,0.5,1,0,2,2,1,1,0.5,2,1,2,1,0.5,0,0.5,1,2
553,Krookodile,3046,180,229,158,216,ground,dark,2,0.5,1,0,2,2,1,1,0.5,2,1,2,1,0.5,0,0.5,1,2
554,Darumaka,1442,146,153,86,172,fire,NA,0.5,1,1,1,0.5,1,0.5,1,1,0.5,2,0.5,1,1,1,2,0.5,2
555,Darmanitan,3105,193,263,114,233,fire,fire,0.5,1,1,1,0.5,1,0.5,1,1,0.5,2,0.5,1,1,1,2,0.5,2
556,Maractus,2274,153,201,130,181,grass,NA,2,1,1,0.5,1,1,2,2,1,0.5,0.5,2,1,2,1,1,1,0.5
557,Dwebble,1224,118,118,128,137,bug,rock,1,1,1,1,1,1,1,1,1,1,1,1,0.5,0.5,1,2,2,2
558,Crustle,2542,146,188,200,172,bug,rock,1,1,1,1,1,1,1,1,1,1,1,1,0.5,0.5,1,2,2,2
559,Scraggy,1372,118,132,132,137,dark,fighting,1,0.25,1,1,4,2,1,2,0.5,1,1,1,1,1,0,0.5,1,1
560,Scrafty,2283,139,163,222,163,dark,fighting,1,0.25,1,1,4,2,1,2,0.5,1,1,1,1,1,0,0.5,1,1
561,Sigilyph,2550,149,204,167,176,psychic,flying,1,2,1,2,1,0.25,1,1,2,0.5,0,2,1,1,0.5,2,1,1
562,Yamask,982,102,95,141,116,ghost,NA,0.5,2,1,1,1,0,1,1,2,1,1,1,0,0.5,1,1,1,1
563,Cofagrigus,2273,129,163,237,151,ghost,NA,0.5,2,1,1,1,0,1,1,2,1,1,1,0,0.5,1,1,1,1
564,Tirtouga,1488,124,134,146,144,water,rock,1,1,1,2,1,2,0.25,0.5,1,4,2,0.5,0.5,0.5,1,1,1,1
565,Carracosta,2621,151,192,197,179,water,rock,1,1,1,2,1,2,0.25,0.5,1,4,2,0.5,0.5,0.5,1,1,1,1
566,Archen,1842,125,213,89,146,rock,flying,0.5,1,1,2,1,1,0.5,0.5,1,1,0,2,0.5,0.5,1,2,2,2
567,Archeops,3331,153,292,139,181,rock,flying,0.5,1,1,2,1,1,0.5,0.5,1,1,0,2,0.5,0.5,1,2,2,2
568,Trubbish,1000,118,96,122,137,poison,NA,0.5,1,1,1,0.5,0.5,1,1,1,0.5,2,1,1,0.5,2,1,1,1
569,Garbodor,2345,160,181,164,190,poison,NA,0.5,1,1,1,0.5,0.5,1,1,1,0.5,2,1,1,0.5,2,1,1,1
570,Zorua,1175,105,153,78,120,dark,NA,2,0.5,1,1,2,2,1,1,0.5,1,1,1,1,1,0,1,1,1
571,Zoroark,2571,132,250,127,155,dark,NA,2,0.5,1,1,2,2,1,1,0.5,1,1,1,1,1,0,1,1,1
572,Minccino,872,125,98,80,146,normal,NA,1,1,1,1,1,2,1,1,0,1,1,1,1,1,1,1,1,1
573,Cinccino,2242,153,198,130,181,normal,NA,1,1,1,1,1,2,1,1,0,1,1,1,1,1,1,1,1,1
574,Gothita,951,111,98,112,128,psychic,NA,2,2,1,1,1,0.5,1,1,2,1,1,1,1,1,0.5,1,1,1
575,Gothorita,1604,132,137,153,155,psychic,NA,2,2,1,1,1,0.5,1,1,2,1,1,1,1,1,0.5,1,1,1
576,Gothitelle,2419,146,176,205,172,psychic,NA,2,2,1,1,1,0.5,1,1,2,1,1,1,1,1,0.5,1,1,1
577,Solosis,1367,111,170,83,128,psychic,NA,2,2,1,1,1,0.5,1,1,2,1,1,1,1,1,0.5,1,1,1
578,Duosion,2018,139,208,103,163,psychic,NA,2,2,1,1,1,0.5,1,1,2,1,1,1,1,1,0.5,1,1,1
579,Reuniclus,2927,200,214,148,242,psychic,NA,2,2,1,1,1,0.5,1,1,2,1,1,1,1,1,0.5,1,1,1
580,Ducklett,856,135,84,96,158,water,flying,0.5,1,1,4,1,0.5,0.5,1,1,1,0,1,1,1,1,2,0.5,0.5
581,Swanna,2088,153,182,132,181,water,flying,0.5,1,1,4,1,0.5,0.5,1,1,1,0,1,1,1,1,2,0.5,0.5
582,Vanillite,1033,100,118,106,113,ice,NA,1,1,1,1,1,2,2,1,1,1,1,0.5,1,1,1,2,2,1
583,Vanillish,1591,120,151,138,139,ice,NA,1,1,1,1,1,2,2,1,1,1,1,0.5,1,1,1,2,2,1
584,Vanilluxe,2822,147,218,184,174,ice,NA,1,1,1,1,1,2,2,1,1,1,1,0.5,1,1,1,2,2,1
585,Deerling,1135,132,115,100,155,normal,grass,2,1,1,0.5,1,2,2,2,0,0.5,0.5,2,1,2,1,1,1,0.5
586,Sawsbuck,2416,160,198,146,190,normal,grass,2,1,1,0.5,1,2,2,2,0,0.5,0.5,2,1,2,1,1,1,0.5
587,Emolga,1633,125,158,127,146,electric,flying,0.5,1,1,1,1,0.5,1,0.5,1,0.5,0,2,1,1,1,2,0.5,1
588,Karrablast,1182,118,137,87,137,bug,NA,1,1,1,1,1,0.5,2,2,1,0.5,0.5,1,1,1,1,2,1,1
589,Escavalier,2889,146,223,187,172,bug,steel,0.5,1,0.5,1,0.5,1,4,1,1,0.25,1,0.5,0.5,0,0.5,1,0.5,1
590,Foongus,979,144,97,91,170,grass,poison,1,1,1,0.5,0.5,0.5,2,2,1,0.25,1,2,1,1,2,1,1,0.5
591,Amoonguss,2140,206,155,139,249,grass,poison,1,1,1,0.5,0.5,0.5,2,2,1,0.25,1,2,1,1,2,1,1,0.5
592,Frillish,1257,125,115,134,146,water,ghost,0.5,2,1,2,1,0,0.5,1,2,2,1,0.5,0,0.5,1,1,0.5,0.5
593,Jellicent,2338,187,159,178,225,water,ghost,0.5,2,1,2,1,0,0.5,1,2,2,1,0.5,0,0.5,1,1,0.5,0.5
594,Alomomola,2169,275,138,131,338,water,NA,1,1,1,2,1,1,0.5,1,1,2,1,0.5,1,1,1,1,0.5,0.5
595,Joltik,1023,118,110,98,137,bug,electric,1,1,1,0.5,1,0.5,2,1,1,0.5,1,1,1,1,1,2,0.5,1
596,Galvantula,2206,146,201,128,172,bug,electric,1,1,1,0.5,1,0.5,2,1,1,0.5,1,1,1,1,1,2,0.5,1
597,Ferroseed,941,111,82,155,127,grass,steel,1,1,0.5,0.5,0.5,2,4,1,1,0.25,1,1,0.5,0,0.5,0.5,0.5,0.5
598,Ferrothorn,2321,151,158,223,179,grass,steel,1,1,0.5,0.5,0.5,2,4,1,1,0.25,1,1,0.5,0,0.5,0.5,0.5,0.5
599,Klink,956,105,98,121,120,steel,NA,0.5,1,0.5,1,0.5,2,2,0.5,1,0.5,2,0.5,0.5,0,0.5,0.5,0.5,1
600,Klang,1847,132,150,174,155,steel,NA,0.5,1,0.5,1,0.5,2,2,0.5,1,0.5,2,0.5,0.5,0,0.5,0.5,0.5,1
601,Klinklang,2637,132,199,214,155,steel,NA,0.5,1,0.5,1,0.5,2,2,0.5,1,0.5,2,0.5,0.5,0,0.5,0.5,0.5,1
602,Tynamo,811,98,105,78,111,electric,NA,1,1,1,0.5,1,1,1,0.5,1,1,2,1,1,1,1,1,0.5,1
603,Eelektrik,1715,139,156,130,163,electric,NA,1,1,1,0.5,1,1,1,0.5,1,1,2,1,1,1,1,1,0.5,1
604,Eelektross,2732,166,217,152,198,electric,NA,1,1,1,0.5,1,1,1,0.5,1,1,2,1,1,1,1,1,0.5,1
605,Elgyem,1385,125,148,100,146,psychic,NA,2,2,1,1,1,0.5,1,1,2,1,1,1,1,1,0.5,1,1,1
606,Beheeyem,2753,153,221,163,181,psychic,NA,2,2,1,1,1,0.5,1,1,2,1,1,1,1,1,0.5,1,1,1
607,Litwick,1006,118,108,98,137,ghost,fire,0.25,2,1,1,0.5,0,0.5,1,2,0.5,2,0.5,0,0.5,1,2,0.5,2
608,Lampent,1708,132,169,115,155,ghost,fire,0.25,2,1,1,0.5,0,0.5,1,2,0.5,2,0.5,0,0.5,1,2,0.5,2
609,Chandelure,3268,132,271,182,155,ghost,fire,0.25,2,1,1,0.5,0,0.5,1,2,0.5,2,0.5,0,0.5,1,2,0.5,2
610,Axew,1368,113,154,101,130,dragon,NA,1,1,2,0.5,2,1,0.5,1,1,0.5,1,2,1,1,1,1,1,0.5
611,Fraxure,2234,140,212,123,165,dragon,NA,1,1,2,0.5,2,1,0.5,1,1,0.5,1,2,1,1,1,1,1,0.5
612,Haxorus,3593,154,284,172,183,dragon,NA,1,1,2,0.5,2,1,0.5,1,1,0.5,1,2,1,1,1,1,1,0.5
613,Cubchoo,1069,125,128,74,146,ice,NA,1,1,1,1,1,2,2,1,1,1,1,0.5,1,1,1,2,2,1
614,Beartic,3042,180,233,152,216,ice,NA,1,1,1,1,1,2,2,1,1,1,1,0.5,1,1,1,2,2,1
615,Cryogonal,2798,160,190,218,190,ice,NA,1,1,1,1,1,2,2,1,1,1,1,0.5,1,1,1,2,2,1
616,Shelmet,834,118,72,140,137,bug,NA,1,1,1,1,1,0.5,2,2,1,0.5,0.5,1,1,1,1,2,1,1
617,Accelgor,2441,160,220,120,190,bug,NA,1,1,1,1,1,0.5,2,2,1,0.5,0.5,1,1,1,1,2,1,1
618,Stunfisk,2162,199,144,171,240,ground,electric,1,1,1,0,1,1,1,0.5,1,2,2,2,1,0.5,1,0.5,0.5,2
619,Mienfoo,1389,111,160,98,128,fighting,NA,0.5,0.5,1,1,2,1,1,2,1,1,1,1,1,1,2,0.5,1,1
620,Mienshao,2710,139,258,127,163,fighting,NA,0.5,0.5,1,1,2,1,1,2,1,1,1,1,1,1,2,0.5,1,1
621,Druddigon,2732,155,213,170,184,dragon,NA,1,1,2,0.5,2,1,0.5,1,1,0.5,1,2,1,1,1,1,1,0.5
622,Golett,1189,131,127,92,153,ground,ghost,0.5,2,1,0,1,0,1,1,2,2,1,2,0,0.25,1,0.5,1,2
623,Golurk,2854,171,222,154,205,ground,ghost,0.5,2,1,0,1,0,1,1,2,2,1,2,0,0.25,1,0.5,1,2
624,Pawniard,1433,111,154,114,128,dark,steel,1,0.5,0.5,1,1,4,2,0.5,0.5,0.5,2,0.5,0.5,0,0,0.5,0.5,1
625,Bisharp,2844,139,232,176,163,dark,steel,1,0.5,0.5,1,1,4,2,0.5,0.5,0.5,2,0.5,0.5,0,0,0.5,0.5,1
626,Bouffalant,2797,180,195,182,216,normal,NA,1,1,1,1,1,2,1,1,0,1,1,1,1,1,1,1,1,1
627,Rufflet,1491,146,150,97,172,normal,flying,0.5,1,1,2,1,1,1,1,0,0.5,0,2,1,1,1,2,1,1
628,Braviary,3088,187,232,152,225,normal,flying,0.5,1,1,2,1,1,1,1,0,0.5,0,2,1,1,1,2,1,1
629,Vullaby,1271,146,105,139,172,dark,flying,1,0.5,1,2,2,1,1,1,0.5,0.5,0,2,1,1,0,2,1,1
630,Mandibuzz,2138,200,129,205,242,dark,flying,1,0.5,1,2,2,1,1,1,0.5,0.5,0,2,1,1,0,2,1,1
631,Heatmor,2395,166,204,129,198,fire,NA,0.5,1,1,1,0.5,1,0.5,1,1,0.5,2,0.5,1,1,1,2,0.5,2
632,Durant,2659,129,217,188,151,bug,steel,0.5,1,0.5,1,0.5,1,4,1,1,0.25,1,0.5,0.5,0,0.5,1,0.5,1
633,Deino,1062,121,116,93,141,dark,dragon,2,0.5,2,0.5,4,2,0.5,1,0.5,0.5,1,2,1,1,0,1,1,0.5
634,Zweilous,1839,149,159,135,176,dark,dragon,2,0.5,2,0.5,4,2,0.5,1,0.5,0.5,1,2,1,1,0,1,1,0.5
635,Hydreigon,3625,176,256,188,211,dark,dragon,2,0.5,2,0.5,4,2,0.5,1,0.5,0.5,1,2,1,1,0,1,1,0.5
636,Larvesta,1496,125,156,107,146,bug,fire,0.5,1,1,1,0.5,0.5,1,2,1,0.25,1,0.5,1,1,1,4,0.5,2
637,Volcarona,3632,166,264,189,198,bug,fire,0.5,1,1,1,0.5,0.5,1,2,1,0.25,1,0.5,1,1,1,4,0.5,2
638,Cobalion,3022,175,192,229,209,steel,fighting,0.25,0.5,0.5,1,1,2,2,1,1,0.5,2,0.5,0.5,0,1,0.25,0.5,1
639,Terrakion,3698,175,260,192,209,rock,fighting,0.5,0.5,1,1,2,2,0.5,1,1,2,2,1,0.5,0.5,2,0.5,2,2
640,Virizion,3022,175,192,229,209,grass,fighting,1,0.5,1,0.5,2,1,2,4,1,0.5,0.5,2,1,2,2,0.5,1,0.5
641,Tornadus,3345,158,266,164,188,flying,NA,0.5,1,1,2,1,0.5,1,1,1,0.5,0,2,1,1,1,2,1,1
642,Thundurus,3345,158,266,164,188,electric,flying,0.5,1,1,1,1,0.5,1,0.5,1,0.5,0,2,1,1,1,2,0.5,1
643,Reshiram,4038,171,275,211,205,dragon,fire,0.5,1,2,0.5,1,1,0.25,1,1,0.25,2,1,1,1,1,2,0.5,1
644,Zekrom,4038,171,275,211,205,dragon,electric,1,1,2,0.25,2,1,0.5,0.5,1,0.5,2,2,1,1,1,1,0.5,0.5
645,Landorus,3588,171,261,182,205,ground,flying,0.5,1,1,0,1,0.5,1,1,1,1,0,4,1,0.5,1,1,1,2
646,Kyurem,3575,203,246,170,245,dragon,ice,1,1,2,0.5,2,2,1,1,1,0.5,1,1,1,1,1,2,2,0.5
647,Keldeo,3698,175,260,192,209,water,fighting,0.5,0.5,1,2,2,1,0.5,2,1,2,1,0.5,1,1,2,0.5,0.5,0.5
648,Meloetta,3972,187,250,225,225,normal,psychic,2,2,1,1,1,1,1,1,0,1,1,1,1,1,0.5,1,1,1
649,Genesect,3353,147,252,199,174,bug,steel,0.5,1,0.5,1,0.5,1,4,1,1,0.25,1,0.5,0.5,0,0.5,1,0.5,1
808,Meltan,1068,113,118,99,130,steel,NA,0.5,1,0.5,1,0.5,2,2,0.5,1,0.5,2,0.5,0.5,0.25,0.5,0.5,0.5,1
809,Melmetal,3599,218,226,190,264,steel,NA,0.5,1,0.5,1,0.5,2,2,0.5,1,0.5,2,0.5,0.5,0.25,0.5,0.5,0.5,1
